move,flag_name
pound,makes-contact
pound,blockable
pound,mirror-move
karate-chop,makes-contact
karate-chop,blockable
karate-chop,mirror-move
double-slap,makes-contact
double-slap,blockable
double-slap,mirror-move
comet-punch,makes-contact
comet-punch,blockable
comet-punch,mirror-move
comet-punch,punch
mega-punch,makes-contact
mega-punch,blockable
mega-punch,mirror-move
mega-punch,punch
pay-day,blockable
pay-day,mirror-move
fire-punch,makes-contact
fire-punch,blockable
fire-punch,mirror-move
fire-punch,punch
ice-punch,makes-contact
ice-punch,blockable
ice-punch,mirror-move
ice-punch,punch
thunder-punch,makes-contact
thunder-punch,blockable
thunder-punch,mirror-move
thunder-punch,punch
scratch,makes-contact
scratch,blockable
scratch,mirror-move
vise-grip,makes-contact
vise-grip,blockable
vise-grip,mirror-move
guillotine,makes-contact
guillotine,blockable
guillotine,mirror-move
razor-wind,charges
razor-wind,blockable
razor-wind,mirror-move
swords-dance,snatchable
swords-dance,dance
cut,makes-contact
cut,blockable
cut,mirror-move
gust,blockable
gust,mirror-move
gust,far-reaching
wing-attack,makes-contact
wing-attack,blockable
wing-attack,mirror-move
wing-attack,far-reaching
whirlwind,reflectable
whirlwind,mirror-move
whirlwind,bypasses-substitute
fly,makes-contact
fly,charges
fly,blockable
fly,mirror-move
fly,gravity
fly,far-reaching
bind,makes-contact
bind,blockable
bind,mirror-move
slam,makes-contact
slam,blockable
slam,mirror-move
slam,banned-sky
vine-whip,makes-contact
vine-whip,blockable
vine-whip,mirror-move
stomp,makes-contact
stomp,blockable
stomp,mirror-move
stomp,banned-sky
double-kick,makes-contact
double-kick,blockable
double-kick,mirror-move
mega-kick,makes-contact
mega-kick,blockable
mega-kick,mirror-move
jump-kick,makes-contact
jump-kick,blockable
jump-kick,mirror-move
jump-kick,gravity
rolling-kick,makes-contact
rolling-kick,blockable
rolling-kick,mirror-move
sand-attack,blockable
sand-attack,reflectable
sand-attack,mirror-move
headbutt,makes-contact
headbutt,blockable
headbutt,mirror-move
horn-attack,makes-contact
horn-attack,blockable
horn-attack,mirror-move
fury-attack,makes-contact
fury-attack,blockable
fury-attack,mirror-move
horn-drill,makes-contact
horn-drill,blockable
horn-drill,mirror-move
tackle,makes-contact
tackle,blockable
tackle,mirror-move
body-slam,makes-contact
body-slam,blockable
body-slam,mirror-move
body-slam,banned-sky
wrap,makes-contact
wrap,blockable
wrap,mirror-move
take-down,makes-contact
take-down,blockable
take-down,mirror-move
thrash,makes-contact
thrash,blockable
thrash,mirror-move
double-edge,makes-contact
double-edge,blockable
double-edge,mirror-move
tail-whip,blockable
tail-whip,reflectable
tail-whip,mirror-move
poison-sting,blockable
poison-sting,mirror-move
twineedle,blockable
twineedle,mirror-move
pin-missile,blockable
pin-missile,mirror-move
leer,blockable
leer,reflectable
leer,mirror-move
bite,makes-contact
bite,blockable
bite,mirror-move
bite,jaw
growl,blockable
growl,reflectable
growl,mirror-move
growl,sound
growl,bypasses-substitute
roar,reflectable
roar,mirror-move
roar,sound
roar,bypasses-substitute
sing,blockable
sing,reflectable
sing,mirror-move
sing,sound
sing,bypasses-substitute
supersonic,blockable
supersonic,reflectable
supersonic,mirror-move
supersonic,sound
supersonic,bypasses-substitute
sonic-boom,blockable
sonic-boom,mirror-move
disable,blockable
disable,reflectable
disable,mirror-move
disable,bypasses-substitute
acid,blockable
acid,mirror-move
ember,blockable
ember,mirror-move
flamethrower,blockable
flamethrower,mirror-move
mist,snatchable
water-gun,blockable
water-gun,mirror-move
hydro-pump,blockable
hydro-pump,mirror-move
surf,blockable
surf,mirror-move
surf,banned-sky
ice-beam,blockable
ice-beam,mirror-move
blizzard,blockable
blizzard,mirror-move
psybeam,blockable
psybeam,mirror-move
bubble-beam,blockable
bubble-beam,mirror-move
aurora-beam,blockable
aurora-beam,mirror-move
hyper-beam,recharges
hyper-beam,blockable
hyper-beam,mirror-move
peck,makes-contact
peck,blockable
peck,mirror-move
peck,far-reaching
drill-peck,makes-contact
drill-peck,blockable
drill-peck,mirror-move
drill-peck,far-reaching
submission,makes-contact
submission,blockable
submission,mirror-move
low-kick,makes-contact
low-kick,blockable
low-kick,mirror-move
counter,makes-contact
counter,blockable
seismic-toss,makes-contact
seismic-toss,blockable
seismic-toss,mirror-move
seismic-toss,banned-sky
strength,makes-contact
strength,blockable
strength,mirror-move
absorb,blockable
absorb,mirror-move
absorb,heals
mega-drain,blockable
mega-drain,mirror-move
mega-drain,heals
leech-seed,blockable
leech-seed,reflectable
leech-seed,mirror-move
growth,snatchable
razor-leaf,blockable
razor-leaf,mirror-move
solar-beam,charges
solar-beam,blockable
solar-beam,mirror-move
poison-powder,blockable
poison-powder,reflectable
poison-powder,mirror-move
poison-powder,powder
stun-spore,blockable
stun-spore,reflectable
stun-spore,mirror-move
stun-spore,powder
sleep-powder,blockable
sleep-powder,reflectable
sleep-powder,mirror-move
sleep-powder,#N/A
petal-dance,makes-contact
petal-dance,blockable
petal-dance,mirror-move
petal-dance,dance
string-shot,blockable
string-shot,reflectable
string-shot,mirror-move
dragon-rage,blockable
dragon-rage,mirror-move
fire-spin,blockable
fire-spin,mirror-move
thunder-shock,blockable
thunder-shock,mirror-move
thunderbolt,blockable
thunderbolt,mirror-move
thunder-wave,blockable
thunder-wave,reflectable
thunder-wave,mirror-move
thunder,blockable
thunder,mirror-move
rock-throw,blockable
rock-throw,mirror-move
earthquake,blockable
earthquake,mirror-move
earthquake,banned-sky
fissure,blockable
fissure,mirror-move
fissure,banned-sky
dig,makes-contact
dig,charges
dig,blockable
dig,mirror-move
dig,banned-sky
toxic,blockable
toxic,reflectable
toxic,mirror-move
confusion,blockable
confusion,mirror-move
psychic,blockable
psychic,mirror-move
hypnosis,blockable
hypnosis,reflectable
hypnosis,mirror-move
meditate,snatchable
agility,snatchable
quick-attack,makes-contact
quick-attack,blockable
quick-attack,mirror-move
rage,makes-contact
rage,blockable
rage,mirror-move
night-shade,blockable
night-shade,mirror-move
mimic,blockable
mimic,bypasses-substitute
screech,blockable
screech,reflectable
screech,mirror-move
screech,sound
screech,bypasses-substitute
double-team,snatchable
recover,snatchable
recover,heals
harden,snatchable
minimize,snatchable
smokescreen,blockable
smokescreen,reflectable
smokescreen,mirror-move
confuse-ray,blockable
confuse-ray,reflectable
confuse-ray,mirror-move
withdraw,snatchable
defense-curl,snatchable
barrier,snatchable
light-screen,snatchable
haze,bypasses-substitute
reflect,snatchable
focus-energy,snatchable
bide,makes-contact
bide,blockable
self-destruct,blockable
self-destruct,mirror-move
egg-bomb,blockable
egg-bomb,mirror-move
egg-bomb,ballistic
lick,makes-contact
lick,blockable
lick,mirror-move
smog,blockable
smog,mirror-move
sludge,blockable
sludge,mirror-move
bone-club,blockable
bone-club,mirror-move
fire-blast,blockable
fire-blast,mirror-move
waterfall,makes-contact
waterfall,blockable
waterfall,mirror-move
clamp,makes-contact
clamp,blockable
clamp,mirror-move
swift,blockable
swift,mirror-move
skull-bash,makes-contact
skull-bash,charges
skull-bash,blockable
skull-bash,mirror-move
spike-cannon,blockable
spike-cannon,mirror-move
constrict,makes-contact
constrict,blockable
constrict,mirror-move
amnesia,snatchable
kinesis,blockable
kinesis,reflectable
kinesis,mirror-move
soft-boiled,snatchable
soft-boiled,heals
high-jump-kick,makes-contact
high-jump-kick,blockable
high-jump-kick,mirror-move
high-jump-kick,gravity
glare,blockable
glare,reflectable
glare,mirror-move
dream-eater,blockable
dream-eater,mirror-move
dream-eater,heals
poison-gas,blockable
poison-gas,reflectable
poison-gas,mirror-move
barrage,blockable
barrage,mirror-move
barrage,ballistic
leech-life,makes-contact
leech-life,blockable
leech-life,mirror-move
leech-life,heals
lovely-kiss,blockable
lovely-kiss,reflectable
lovely-kiss,mirror-move
sky-attack,charges
sky-attack,blockable
sky-attack,mirror-move
sky-attack,far-reaching
bubble,blockable
bubble,mirror-move
dizzy-punch,makes-contact
dizzy-punch,blockable
dizzy-punch,mirror-move
dizzy-punch,punch
spore,blockable
spore,reflectable
spore,mirror-move
spore,powder
flash,blockable
flash,reflectable
flash,mirror-move
psywave,blockable
psywave,mirror-move
splash,gravity
acid-armor,snatchable
crabhammer,makes-contact
crabhammer,blockable
crabhammer,mirror-move
explosion,blockable
explosion,mirror-move
fury-swipes,makes-contact
fury-swipes,blockable
fury-swipes,mirror-move
bonemerang,blockable
bonemerang,mirror-move
rest,snatchable
rest,heals
rock-slide,blockable
rock-slide,mirror-move
hyper-fang,makes-contact
hyper-fang,blockable
hyper-fang,mirror-move
sharpen,snatchable
conversion,snatchable
tri-attack,blockable
tri-attack,mirror-move
super-fang,makes-contact
super-fang,blockable
super-fang,mirror-move
slash,makes-contact
slash,blockable
slash,mirror-move
substitute,snatchable
substitute,banned-sky
struggle,makes-contact
struggle,blockable
sketch,bypasses-substitute
triple-kick,makes-contact
triple-kick,blockable
triple-kick,mirror-move
thief,makes-contact
thief,blockable
thief,mirror-move
spider-web,blockable
spider-web,reflectable
spider-web,mirror-move
mind-reader,blockable
mind-reader,mirror-move
nightmare,blockable
nightmare,mirror-move
flame-wheel,makes-contact
flame-wheel,blockable
flame-wheel,mirror-move
flame-wheel,defrosts
snore,blockable
snore,mirror-move
snore,sound
snore,bypasses-substitute
curse,bypasses-substitute
flail,makes-contact
flail,blockable
flail,mirror-move
conversion-2,bypasses-substitute
aeroblast,blockable
aeroblast,mirror-move
aeroblast,far-reaching
cotton-spore,blockable
cotton-spore,reflectable
cotton-spore,mirror-move
cotton-spore,powder
reversal,makes-contact
reversal,blockable
reversal,mirror-move
spite,blockable
spite,reflectable
spite,mirror-move
spite,bypasses-substitute
powder-snow,blockable
powder-snow,mirror-move
mach-punch,makes-contact
mach-punch,blockable
mach-punch,mirror-move
mach-punch,punch
scary-face,blockable
scary-face,reflectable
scary-face,mirror-move
feint-attack,makes-contact
feint-attack,blockable
feint-attack,mirror-move
sweet-kiss,blockable
sweet-kiss,reflectable
sweet-kiss,mirror-move
belly-drum,snatchable
sludge-bomb,blockable
sludge-bomb,mirror-move
sludge-bomb,ballistic
mud-slap,blockable
mud-slap,mirror-move
octazooka,blockable
octazooka,mirror-move
octazooka,ballistic
spikes,reflectable
spikes,banned-sky
zap-cannon,blockable
zap-cannon,mirror-move
zap-cannon,ballistic
foresight,blockable
foresight,reflectable
foresight,mirror-move
foresight,bypasses-substitute
destiny-bond,bypasses-substitute
perish-song,sound
perish-song,far-reaching
perish-song,bypasses-substitute
icy-wind,blockable
icy-wind,mirror-move
bone-rush,blockable
bone-rush,mirror-move
lock-on,blockable
lock-on,mirror-move
outrage,makes-contact
outrage,blockable
outrage,mirror-move
giga-drain,blockable
giga-drain,mirror-move
giga-drain,heals
charm,blockable
charm,reflectable
charm,mirror-move
rollout,makes-contact
rollout,blockable
rollout,mirror-move
false-swipe,makes-contact
false-swipe,blockable
false-swipe,mirror-move
swagger,blockable
swagger,reflectable
swagger,mirror-move
milk-drink,snatchable
milk-drink,heals
spark,makes-contact
spark,blockable
spark,mirror-move
fury-cutter,makes-contact
fury-cutter,blockable
fury-cutter,mirror-move
steel-wing,makes-contact
steel-wing,blockable
steel-wing,mirror-move
mean-look,reflectable
mean-look,mirror-move
attract,blockable
attract,reflectable
attract,mirror-move
attract,bypasses-substitute
heal-bell,snatchable
heal-bell,sound
heal-bell,far-reaching
heal-bell,bypasses-substitute
return,makes-contact
return,blockable
return,mirror-move
present,blockable
present,mirror-move
frustration,makes-contact
frustration,blockable
frustration,mirror-move
safeguard,snatchable
pain-split,blockable
pain-split,mirror-move
sacred-fire,blockable
sacred-fire,mirror-move
sacred-fire,defrosts
magnitude,blockable
magnitude,mirror-move
magnitude,banned-sky
dynamic-punch,makes-contact
dynamic-punch,blockable
dynamic-punch,mirror-move
dynamic-punch,punch
megahorn,makes-contact
megahorn,blockable
megahorn,mirror-move
dragon-breath,blockable
dragon-breath,mirror-move
encore,blockable
encore,reflectable
encore,mirror-move
encore,bypasses-substitute
pursuit,makes-contact
pursuit,blockable
pursuit,mirror-move
rapid-spin,makes-contact
rapid-spin,blockable
rapid-spin,mirror-move
sweet-scent,blockable
sweet-scent,reflectable
sweet-scent,mirror-move
iron-tail,makes-contact
iron-tail,blockable
iron-tail,mirror-move
metal-claw,makes-contact
metal-claw,blockable
metal-claw,mirror-move
vital-throw,makes-contact
vital-throw,blockable
vital-throw,mirror-move
morning-sun,snatchable
morning-sun,heals
synthesis,snatchable
synthesis,heals
moonlight,snatchable
moonlight,heals
hidden-power,blockable
hidden-power,mirror-move
cross-chop,makes-contact
cross-chop,blockable
cross-chop,mirror-move
twister,blockable
twister,mirror-move
crunch,makes-contact
crunch,blockable
crunch,mirror-move
crunch,jaw
mirror-coat,blockable
psych-up,bypasses-substitute
extreme-speed,makes-contact
extreme-speed,blockable
extreme-speed,mirror-move
ancient-power,blockable
ancient-power,mirror-move
shadow-ball,blockable
shadow-ball,mirror-move
shadow-ball,ballistic
rock-smash,makes-contact
rock-smash,blockable
rock-smash,mirror-move
whirlpool,blockable
whirlpool,mirror-move
beat-up,blockable
beat-up,mirror-move
fake-out,makes-contact
fake-out,blockable
fake-out,mirror-move
uproar,blockable
uproar,mirror-move
uproar,sound
uproar,bypasses-substitute
stockpile,snatchable
spit-up,blockable
swallow,snatchable
swallow,heals
heat-wave,blockable
heat-wave,mirror-move
torment,blockable
torment,reflectable
torment,mirror-move
torment,bypasses-substitute
flatter,blockable
flatter,reflectable
flatter,mirror-move
will-o-wisp,blockable
will-o-wisp,reflectable
will-o-wisp,mirror-move
memento,blockable
memento,mirror-move
facade,makes-contact
facade,blockable
facade,mirror-move
focus-punch,makes-contact
focus-punch,blockable
focus-punch,punch
smelling-salts,makes-contact
smelling-salts,blockable
smelling-salts,mirror-move
charge,snatchable
taunt,blockable
taunt,reflectable
taunt,mirror-move
taunt,bypasses-substitute
helping-hand,bypasses-substitute
trick,blockable
trick,mirror-move
role-play,bypasses-substitute
wish,snatchable
wish,heals
ingrain,snatchable
ingrain,banned-sky
superpower,makes-contact
superpower,blockable
superpower,mirror-move
recycle,snatchable
revenge,makes-contact
revenge,blockable
revenge,mirror-move
brick-break,makes-contact
brick-break,blockable
brick-break,mirror-move
yawn,blockable
yawn,reflectable
yawn,mirror-move
knock-off,makes-contact
knock-off,blockable
knock-off,mirror-move
endeavor,makes-contact
endeavor,blockable
endeavor,mirror-move
eruption,blockable
eruption,mirror-move
skill-swap,blockable
skill-swap,mirror-move
skill-swap,bypasses-substitute
imprison,snatchable
imprison,bypasses-substitute
refresh,snatchable
grudge,bypasses-substitute
snatch,bypasses-substitute
secret-power,blockable
secret-power,mirror-move
dive,makes-contact
dive,charges
dive,blockable
dive,mirror-move
dive,banned-sky
arm-thrust,makes-contact
arm-thrust,blockable
arm-thrust,mirror-move
camouflage,snatchable
tail-glow,snatchable
luster-purge,blockable
luster-purge,mirror-move
mist-ball,blockable
mist-ball,mirror-move
mist-ball,ballistic
feather-dance,blockable
feather-dance,reflectable
feather-dance,mirror-move
feather-dance,dance
teeter-dance,blockable
teeter-dance,mirror-move
teeter-dance,dance
blaze-kick,makes-contact
blaze-kick,blockable
blaze-kick,mirror-move
mud-sport,banned-sky
ice-ball,makes-contact
ice-ball,blockable
ice-ball,mirror-move
ice-ball,ballistic
needle-arm,makes-contact
needle-arm,blockable
needle-arm,mirror-move
slack-off,snatchable
slack-off,heals
hyper-voice,blockable
hyper-voice,mirror-move
hyper-voice,sound
hyper-voice,bypasses-substitute
poison-fang,makes-contact
poison-fang,blockable
poison-fang,mirror-move
poison-fang,jaw
crush-claw,makes-contact
crush-claw,blockable
crush-claw,mirror-move
blast-burn,recharges
blast-burn,blockable
blast-burn,mirror-move
hydro-cannon,recharges
hydro-cannon,blockable
hydro-cannon,mirror-move
meteor-mash,makes-contact
meteor-mash,blockable
meteor-mash,mirror-move
meteor-mash,punch
astonish,makes-contact
astonish,blockable
astonish,mirror-move
weather-ball,blockable
weather-ball,mirror-move
weather-ball,ballistic
aromatherapy,snatchable
aromatherapy,far-reaching
fake-tears,blockable
fake-tears,reflectable
fake-tears,mirror-move
air-cutter,blockable
air-cutter,mirror-move
overheat,blockable
overheat,mirror-move
odor-sleuth,blockable
odor-sleuth,reflectable
odor-sleuth,mirror-move
odor-sleuth,bypasses-substitute
rock-tomb,blockable
rock-tomb,mirror-move
silver-wind,blockable
silver-wind,mirror-move
metal-sound,blockable
metal-sound,reflectable
metal-sound,mirror-move
metal-sound,sound
metal-sound,bypasses-substitute
grass-whistle,blockable
grass-whistle,reflectable
grass-whistle,mirror-move
grass-whistle,sound
grass-whistle,bypasses-substitute
tickle,blockable
tickle,reflectable
tickle,mirror-move
cosmic-power,snatchable
water-spout,blockable
water-spout,mirror-move
signal-beam,blockable
signal-beam,mirror-move
shadow-punch,makes-contact
shadow-punch,blockable
shadow-punch,mirror-move
shadow-punch,punch
extrasensory,blockable
extrasensory,mirror-move
sky-uppercut,makes-contact
sky-uppercut,blockable
sky-uppercut,mirror-move
sky-uppercut,punch
sand-tomb,blockable
sand-tomb,mirror-move
sheer-cold,blockable
sheer-cold,mirror-move
muddy-water,blockable
muddy-water,mirror-move
muddy-water,banned-sky
bullet-seed,blockable
bullet-seed,mirror-move
bullet-seed,ballistic
aerial-ace,makes-contact
aerial-ace,blockable
aerial-ace,mirror-move
aerial-ace,far-reaching
icicle-spear,blockable
icicle-spear,mirror-move
iron-defense,snatchable
block,reflectable
block,mirror-move
howl,snatchable
howl,sound
dragon-claw,makes-contact
dragon-claw,blockable
dragon-claw,mirror-move
frenzy-plant,recharges
frenzy-plant,blockable
frenzy-plant,mirror-move
frenzy-plant,banned-sky
bulk-up,snatchable
bounce,makes-contact
bounce,charges
bounce,blockable
bounce,mirror-move
bounce,gravity
bounce,far-reaching
mud-shot,blockable
mud-shot,mirror-move
poison-tail,makes-contact
poison-tail,blockable
poison-tail,mirror-move
covet,makes-contact
covet,blockable
covet,mirror-move
volt-tackle,makes-contact
volt-tackle,blockable
volt-tackle,mirror-move
magical-leaf,blockable
magical-leaf,mirror-move
water-sport,banned-sky
calm-mind,snatchable
leaf-blade,makes-contact
leaf-blade,blockable
leaf-blade,mirror-move
dragon-dance,snatchable
dragon-dance,dance
rock-blast,blockable
rock-blast,mirror-move
rock-blast,ballistic
shock-wave,blockable
shock-wave,mirror-move
water-pulse,blockable
water-pulse,mirror-move
water-pulse,far-reaching
water-pulse,pulse
psycho-boost,blockable
psycho-boost,mirror-move
roost,snatchable
roost,heals
gravity,banned-sky
miracle-eye,blockable
miracle-eye,reflectable
miracle-eye,mirror-move
miracle-eye,bypasses-substitute
wake-up-slap,makes-contact
wake-up-slap,blockable
wake-up-slap,mirror-move
hammer-arm,makes-contact
hammer-arm,blockable
hammer-arm,mirror-move
hammer-arm,punch
gyro-ball,makes-contact
gyro-ball,blockable
gyro-ball,mirror-move
gyro-ball,ballistic
healing-wish,snatchable
healing-wish,heals
brine,blockable
brine,mirror-move
natural-gift,blockable
natural-gift,mirror-move
feint,mirror-move
pluck,makes-contact
pluck,blockable
pluck,mirror-move
pluck,far-reaching
tailwind,snatchable
metal-burst,blockable
metal-burst,mirror-move
u-turn,makes-contact
u-turn,blockable
u-turn,mirror-move
close-combat,makes-contact
close-combat,blockable
close-combat,mirror-move
payback,makes-contact
payback,blockable
payback,mirror-move
assurance,makes-contact
assurance,blockable
assurance,mirror-move
embargo,blockable
embargo,reflectable
embargo,mirror-move
fling,blockable
fling,mirror-move
psycho-shift,blockable
psycho-shift,mirror-move
trump-card,makes-contact
trump-card,blockable
trump-card,mirror-move
heal-block,blockable
heal-block,reflectable
heal-block,mirror-move
wring-out,makes-contact
wring-out,blockable
wring-out,mirror-move
power-trick,snatchable
gastro-acid,blockable
gastro-acid,reflectable
gastro-acid,mirror-move
lucky-chant,snatchable
me-first,blockable
me-first,bypasses-substitute
power-swap,blockable
power-swap,mirror-move
power-swap,bypasses-substitute
guard-swap,blockable
guard-swap,mirror-move
guard-swap,bypasses-substitute
punishment,makes-contact
punishment,blockable
punishment,mirror-move
last-resort,makes-contact
last-resort,blockable
last-resort,mirror-move
worry-seed,blockable
worry-seed,reflectable
worry-seed,mirror-move
sucker-punch,makes-contact
sucker-punch,blockable
sucker-punch,mirror-move
toxic-spikes,reflectable
toxic-spikes,banned-sky
heart-swap,blockable
heart-swap,mirror-move
heart-swap,bypasses-substitute
aqua-ring,snatchable
magnet-rise,snatchable
magnet-rise,gravity
flare-blitz,makes-contact
flare-blitz,blockable
flare-blitz,mirror-move
flare-blitz,defrosts
force-palm,makes-contact
force-palm,blockable
force-palm,mirror-move
aura-sphere,blockable
aura-sphere,mirror-move
aura-sphere,far-reaching
aura-sphere,ballistic
aura-sphere,pulse
rock-polish,snatchable
poison-jab,makes-contact
poison-jab,blockable
poison-jab,mirror-move
dark-pulse,blockable
dark-pulse,mirror-move
dark-pulse,far-reaching
dark-pulse,pulse
night-slash,makes-contact
night-slash,blockable
night-slash,mirror-move
aqua-tail,makes-contact
aqua-tail,blockable
aqua-tail,mirror-move
seed-bomb,blockable
seed-bomb,mirror-move
seed-bomb,ballistic
air-slash,blockable
air-slash,mirror-move
air-slash,far-reaching
x-scissor,makes-contact
x-scissor,blockable
x-scissor,mirror-move
bug-buzz,blockable
bug-buzz,mirror-move
bug-buzz,sound
bug-buzz,bypasses-substitute
dragon-pulse,blockable
dragon-pulse,mirror-move
dragon-pulse,far-reaching
dragon-pulse,pulse
dragon-rush,makes-contact
dragon-rush,blockable
dragon-rush,mirror-move
power-gem,blockable
power-gem,mirror-move
drain-punch,makes-contact
drain-punch,blockable
drain-punch,mirror-move
drain-punch,punch
drain-punch,heals
vacuum-wave,blockable
vacuum-wave,mirror-move
focus-blast,blockable
focus-blast,mirror-move
focus-blast,ballistic
energy-ball,blockable
energy-ball,mirror-move
energy-ball,ballistic
brave-bird,makes-contact
brave-bird,blockable
brave-bird,mirror-move
brave-bird,far-reaching
earth-power,blockable
earth-power,mirror-move
earth-power,banned-sky
switcheroo,blockable
switcheroo,mirror-move
giga-impact,makes-contact
giga-impact,recharges
giga-impact,blockable
giga-impact,mirror-move
nasty-plot,snatchable
bullet-punch,makes-contact
bullet-punch,blockable
bullet-punch,mirror-move
bullet-punch,punch
avalanche,makes-contact
avalanche,blockable
avalanche,mirror-move
ice-shard,blockable
ice-shard,mirror-move
shadow-claw,makes-contact
shadow-claw,blockable
shadow-claw,mirror-move
thunder-fang,makes-contact
thunder-fang,blockable
thunder-fang,mirror-move
thunder-fang,jaw
ice-fang,makes-contact
ice-fang,blockable
ice-fang,mirror-move
ice-fang,jaw
fire-fang,makes-contact
fire-fang,blockable
fire-fang,mirror-move
fire-fang,jaw
shadow-sneak,makes-contact
shadow-sneak,blockable
shadow-sneak,mirror-move
mud-bomb,blockable
mud-bomb,mirror-move
mud-bomb,ballistic
psycho-cut,blockable
psycho-cut,mirror-move
zen-headbutt,makes-contact
zen-headbutt,blockable
zen-headbutt,mirror-move
mirror-shot,blockable
mirror-shot,mirror-move
flash-cannon,blockable
flash-cannon,mirror-move
rock-climb,makes-contact
rock-climb,blockable
rock-climb,mirror-move
defog,blockable
defog,reflectable
defog,mirror-move
defog,bypasses-substitute
trick-room,mirror-move
draco-meteor,blockable
draco-meteor,mirror-move
discharge,blockable
discharge,mirror-move
lava-plume,blockable
lava-plume,mirror-move
leaf-storm,blockable
leaf-storm,mirror-move
power-whip,makes-contact
power-whip,blockable
power-whip,mirror-move
rock-wrecker,recharges
rock-wrecker,blockable
rock-wrecker,mirror-move
rock-wrecker,ballistic
cross-poison,makes-contact
cross-poison,blockable
cross-poison,mirror-move
gunk-shot,blockable
gunk-shot,mirror-move
iron-head,makes-contact
iron-head,blockable
iron-head,mirror-move
magnet-bomb,blockable
magnet-bomb,mirror-move
magnet-bomb,ballistic
stone-edge,blockable
stone-edge,mirror-move
captivate,blockable
captivate,reflectable
captivate,mirror-move
stealth-rock,reflectable
grass-knot,makes-contact
grass-knot,blockable
grass-knot,mirror-move
grass-knot,banned-sky
chatter,blockable
chatter,mirror-move
chatter,sound
chatter,far-reaching
chatter,bypasses-substitute
judgment,blockable
judgment,mirror-move
bug-bite,makes-contact
bug-bite,blockable
bug-bite,mirror-move
charge-beam,blockable
charge-beam,mirror-move
wood-hammer,makes-contact
wood-hammer,blockable
wood-hammer,mirror-move
aqua-jet,makes-contact
aqua-jet,blockable
aqua-jet,mirror-move
attack-order,blockable
attack-order,mirror-move
defend-order,snatchable
heal-order,snatchable
heal-order,heals
head-smash,makes-contact
head-smash,blockable
head-smash,mirror-move
double-hit,makes-contact
double-hit,blockable
double-hit,mirror-move
roar-of-time,recharges
roar-of-time,blockable
roar-of-time,mirror-move
spacial-rend,blockable
spacial-rend,mirror-move
lunar-dance,snatchable
lunar-dance,heals
lunar-dance,dance
crush-grip,makes-contact
crush-grip,blockable
crush-grip,mirror-move
magma-storm,blockable
magma-storm,mirror-move
dark-void,blockable
dark-void,reflectable
dark-void,mirror-move
seed-flare,blockable
seed-flare,mirror-move
ominous-wind,blockable
ominous-wind,mirror-move
shadow-force,makes-contact
shadow-force,charges
shadow-force,mirror-move
hone-claws,snatchable
wide-guard,snatchable
guard-split,blockable
power-split,blockable
wonder-room,mirror-move
psyshock,blockable
psyshock,mirror-move
venoshock,blockable
venoshock,mirror-move
autotomize,snatchable
rage-powder,powder
telekinesis,blockable
telekinesis,reflectable
telekinesis,mirror-move
telekinesis,gravity
magic-room,mirror-move
smack-down,blockable
smack-down,mirror-move
smack-down,banned-sky
storm-throw,makes-contact
storm-throw,blockable
storm-throw,mirror-move
flame-burst,blockable
flame-burst,mirror-move
sludge-wave,blockable
sludge-wave,mirror-move
quiver-dance,snatchable
quiver-dance,dance
heavy-slam,makes-contact
heavy-slam,blockable
heavy-slam,mirror-move
heavy-slam,banned-sky
synchronoise,blockable
synchronoise,mirror-move
electro-ball,blockable
electro-ball,mirror-move
electro-ball,ballistic
soak,blockable
soak,reflectable
soak,mirror-move
flame-charge,makes-contact
flame-charge,blockable
flame-charge,mirror-move
coil,snatchable
low-sweep,makes-contact
low-sweep,blockable
low-sweep,mirror-move
acid-spray,blockable
acid-spray,mirror-move
acid-spray,ballistic
foul-play,makes-contact
foul-play,blockable
foul-play,mirror-move
simple-beam,blockable
simple-beam,reflectable
simple-beam,mirror-move
entrainment,blockable
entrainment,reflectable
entrainment,mirror-move
after-you,bypasses-substitute
round,blockable
round,mirror-move
round,sound
round,bypasses-substitute
echoed-voice,blockable
echoed-voice,mirror-move
echoed-voice,sound
echoed-voice,bypasses-substitute
chip-away,makes-contact
chip-away,blockable
chip-away,mirror-move
clear-smog,blockable
clear-smog,mirror-move
stored-power,blockable
stored-power,mirror-move
quick-guard,snatchable
scald,blockable
scald,mirror-move
scald,defrosts
shell-smash,snatchable
heal-pulse,blockable
heal-pulse,reflectable
heal-pulse,far-reaching
heal-pulse,heals
heal-pulse,pulse
hex,blockable
hex,mirror-move
sky-drop,makes-contact
sky-drop,charges
sky-drop,blockable
sky-drop,mirror-move
sky-drop,gravity
sky-drop,far-reaching
shift-gear,snatchable
circle-throw,makes-contact
circle-throw,blockable
circle-throw,mirror-move
incinerate,blockable
incinerate,mirror-move
quash,blockable
quash,mirror-move
acrobatics,makes-contact
acrobatics,blockable
acrobatics,mirror-move
acrobatics,far-reaching
reflect-type,blockable
reflect-type,bypasses-substitute
retaliate,makes-contact
retaliate,blockable
retaliate,mirror-move
final-gambit,blockable
bestow,mirror-move
bestow,bypasses-substitute
inferno,blockable
inferno,mirror-move
water-pledge,blockable
water-pledge,mirror-move
water-pledge,banned-sky
fire-pledge,blockable
fire-pledge,mirror-move
fire-pledge,banned-sky
grass-pledge,blockable
grass-pledge,mirror-move
grass-pledge,banned-sky
volt-switch,blockable
volt-switch,mirror-move
struggle-bug,blockable
struggle-bug,mirror-move
bulldoze,blockable
bulldoze,mirror-move
bulldoze,banned-sky
frost-breath,blockable
frost-breath,mirror-move
dragon-tail,makes-contact
dragon-tail,blockable
dragon-tail,mirror-move
work-up,snatchable
electroweb,blockable
electroweb,mirror-move
wild-charge,makes-contact
wild-charge,blockable
wild-charge,mirror-move
drill-run,makes-contact
drill-run,blockable
drill-run,mirror-move
dual-chop,makes-contact
dual-chop,blockable
dual-chop,mirror-move
heart-stamp,makes-contact
heart-stamp,blockable
heart-stamp,mirror-move
horn-leech,makes-contact
horn-leech,blockable
horn-leech,mirror-move
horn-leech,heals
sacred-sword,makes-contact
sacred-sword,blockable
sacred-sword,mirror-move
razor-shell,makes-contact
razor-shell,blockable
razor-shell,mirror-move
heat-crash,makes-contact
heat-crash,blockable
heat-crash,mirror-move
heat-crash,banned-sky
leaf-tornado,blockable
leaf-tornado,mirror-move
steamroller,makes-contact
steamroller,blockable
steamroller,mirror-move
cotton-guard,snatchable
night-daze,blockable
night-daze,mirror-move
psystrike,blockable
psystrike,mirror-move
tail-slap,makes-contact
tail-slap,blockable
tail-slap,mirror-move
hurricane,blockable
hurricane,mirror-move
hurricane,far-reaching
head-charge,makes-contact
head-charge,blockable
head-charge,mirror-move
gear-grind,makes-contact
gear-grind,blockable
gear-grind,mirror-move
searing-shot,blockable
searing-shot,mirror-move
searing-shot,ballistic
techno-blast,blockable
techno-blast,mirror-move
relic-song,blockable
relic-song,mirror-move
relic-song,sound
relic-song,bypasses-substitute
secret-sword,blockable
secret-sword,mirror-move
glaciate,blockable
glaciate,mirror-move
bolt-strike,makes-contact
bolt-strike,blockable
bolt-strike,mirror-move
blue-flare,blockable
blue-flare,mirror-move
fiery-dance,blockable
fiery-dance,mirror-move
fiery-dance,dance
freeze-shock,charges
freeze-shock,blockable
freeze-shock,mirror-move
ice-burn,charges
ice-burn,blockable
ice-burn,mirror-move
snarl,blockable
snarl,mirror-move
snarl,sound
snarl,bypasses-substitute
icicle-crash,blockable
icicle-crash,mirror-move
v-create,makes-contact
v-create,blockable
v-create,mirror-move
fusion-flare,blockable
fusion-flare,mirror-move
fusion-flare,defrosts
fusion-bolt,blockable
fusion-bolt,mirror-move
flying-press,makes-contact
flying-press,blockable
flying-press,mirror-move
flying-press,gravity
flying-press,far-reaching
flying-press,banned-sky
mat-block,snatchable
mat-block,banned-sky
belch,blockable
rototiller,far-reaching
rototiller,banned-sky
sticky-web,reflectable
fell-stinger,makes-contact
fell-stinger,blockable
fell-stinger,mirror-move
phantom-force,makes-contact
phantom-force,charges
phantom-force,mirror-move
trick-or-treat,blockable
trick-or-treat,reflectable
trick-or-treat,mirror-move
noble-roar,blockable
noble-roar,reflectable
noble-roar,mirror-move
noble-roar,sound
noble-roar,bypasses-substitute
parabolic-charge,blockable
parabolic-charge,mirror-move
parabolic-charge,heals
forests-curse,blockable
forests-curse,reflectable
forests-curse,mirror-move
petal-blizzard,blockable
petal-blizzard,mirror-move
freeze-dry,blockable
freeze-dry,mirror-move
disarming-voice,blockable
disarming-voice,mirror-move
disarming-voice,sound
disarming-voice,bypasses-substitute
parting-shot,blockable
parting-shot,reflectable
parting-shot,mirror-move
parting-shot,sound
parting-shot,bypasses-substitute
topsy-turvy,blockable
topsy-turvy,reflectable
topsy-turvy,mirror-move
draining-kiss,makes-contact
draining-kiss,blockable
draining-kiss,mirror-move
draining-kiss,heals
flower-shield,far-reaching
grassy-terrain,banned-sky
misty-terrain,banned-sky
electrify,blockable
electrify,mirror-move
play-rough,makes-contact
play-rough,blockable
play-rough,mirror-move
fairy-wind,blockable
fairy-wind,mirror-move
moonblast,blockable
moonblast,mirror-move
boomburst,blockable
boomburst,mirror-move
boomburst,sound
boomburst,bypasses-substitute
fairy-lock,mirror-move
fairy-lock,bypasses-substitute
play-nice,reflectable
play-nice,mirror-move
play-nice,bypasses-substitute
confide,reflectable
confide,mirror-move
confide,sound
confide,bypasses-substitute
diamond-storm,blockable
diamond-storm,mirror-move
steam-eruption,blockable
steam-eruption,mirror-move
steam-eruption,defrosts
hyperspace-hole,mirror-move
hyperspace-hole,bypasses-substitute
water-shuriken,blockable
water-shuriken,mirror-move
mystical-fire,blockable
mystical-fire,mirror-move
aromatic-mist,bypasses-substitute
eerie-impulse,blockable
eerie-impulse,reflectable
eerie-impulse,mirror-move
venom-drench,blockable
venom-drench,reflectable
venom-drench,mirror-move
powder,blockable
powder,reflectable
powder,mirror-move
powder,bypasses-substitute
powder,powder
geomancy,charges
geomancy,banned-sky
magnetic-flux,snatchable
magnetic-flux,far-reaching
magnetic-flux,bypasses-substitute
electric-terrain,banned-sky
dazzling-gleam,blockable
dazzling-gleam,mirror-move
hold-hands,bypasses-substitute
baby-doll-eyes,blockable
baby-doll-eyes,reflectable
baby-doll-eyes,mirror-move
nuzzle,makes-contact
nuzzle,blockable
nuzzle,mirror-move
hold-back,makes-contact
hold-back,blockable
hold-back,mirror-move
infestation,makes-contact
infestation,blockable
infestation,mirror-move
power-up-punch,makes-contact
power-up-punch,blockable
power-up-punch,mirror-move
power-up-punch,punch
oblivion-wing,blockable
oblivion-wing,mirror-move
oblivion-wing,far-reaching
oblivion-wing,heals
thousand-arrows,blockable
thousand-arrows,mirror-move
thousand-arrows,banned-sky
thousand-waves,blockable
thousand-waves,mirror-move
thousand-waves,banned-sky
lands-wrath,blockable
lands-wrath,mirror-move
lands-wrath,banned-sky
light-of-ruin,blockable
light-of-ruin,mirror-move
origin-pulse,blockable
origin-pulse,mirror-move
origin-pulse,pulse
precipice-blades,blockable
precipice-blades,mirror-move
precipice-blades,banned-sky
dragon-ascent,makes-contact
dragon-ascent,blockable
dragon-ascent,mirror-move
dragon-ascent,far-reaching
hyperspace-fury,mirror-move
hyperspace-fury,bypasses-substitute
shore-up,snatchable
shore-up,heals
first-impression,makes-contact
first-impression,blockable
first-impression,mirror-move
spirit-shackle,blockable
spirit-shackle,mirror-move
darkest-lariat,makes-contact
darkest-lariat,blockable
darkest-lariat,mirror-move
sparkling-aria,blockable
sparkling-aria,mirror-move
sparkling-aria,sound
sparkling-aria,bypasses-substitute
ice-hammer,makes-contact
ice-hammer,blockable
ice-hammer,mirror-move
ice-hammer,punch
floral-healing,blockable
floral-healing,reflectable
floral-healing,heals
high-horsepower,makes-contact
high-horsepower,blockable
high-horsepower,mirror-move
strength-sap,blockable
strength-sap,reflectable
strength-sap,mirror-move
strength-sap,heals
solar-blade,makes-contact
solar-blade,charges
solar-blade,blockable
solar-blade,mirror-move
leafage,blockable
leafage,mirror-move
spotlight,blockable
spotlight,reflectable
toxic-thread,blockable
toxic-thread,reflectable
toxic-thread,mirror-move
laser-focus,snatchable
gear-up,snatchable
gear-up,bypasses-substitute
throat-chop,makes-contact
throat-chop,blockable
throat-chop,mirror-move
pollen-puff,blockable
pollen-puff,mirror-move
pollen-puff,ballistic
anchor-shot,makes-contact
anchor-shot,blockable
anchor-shot,mirror-move
psychic-terrain,banned-sky
lunge,makes-contact
lunge,blockable
lunge,mirror-move
fire-lash,makes-contact
fire-lash,blockable
fire-lash,mirror-move
power-trip,makes-contact
power-trip,blockable
power-trip,mirror-move
burn-up,blockable
burn-up,mirror-move
burn-up,defrosts
speed-swap,blockable
speed-swap,mirror-move
speed-swap,bypasses-substitute
smart-strike,makes-contact
smart-strike,blockable
smart-strike,mirror-move
purify,blockable
purify,reflectable
purify,heals
revelation-dance,blockable
revelation-dance,mirror-move
revelation-dance,dance
core-enforcer,blockable
core-enforcer,mirror-move
trop-kick,makes-contact
trop-kick,blockable
trop-kick,mirror-move
instruct,blockable
instruct,bypasses-substitute
beak-blast,blockable
beak-blast,ballistic
clanging-scales,blockable
clanging-scales,mirror-move
clanging-scales,sound
clanging-scales,bypasses-substitute
dragon-hammer,makes-contact
dragon-hammer,blockable
dragon-hammer,mirror-move
brutal-swing,makes-contact
brutal-swing,blockable
brutal-swing,mirror-move
aurora-veil,snatchable
shell-trap,blockable
fleur-cannon,blockable
fleur-cannon,mirror-move
psychic-fangs,makes-contact
psychic-fangs,blockable
psychic-fangs,mirror-move
stomping-tantrum,makes-contact
stomping-tantrum,blockable
stomping-tantrum,mirror-move
shadow-bone,blockable
shadow-bone,mirror-move
accelerock,makes-contact
accelerock,blockable
accelerock,mirror-move
liquidation,makes-contact
liquidation,blockable
liquidation,mirror-move
prismatic-laser,recharges
prismatic-laser,blockable
prismatic-laser,mirror-move
spectral-thief,makes-contact
spectral-thief,blockable
spectral-thief,mirror-move
spectral-thief,bypasses-substitute
sunsteel-strike,makes-contact
sunsteel-strike,blockable
sunsteel-strike,mirror-move
moongeist-beam,blockable
moongeist-beam,mirror-move
tearful-look,reflectable
tearful-look,mirror-move
zing-zap,makes-contact
zing-zap,blockable
zing-zap,mirror-move
natures-madness,blockable
natures-madness,mirror-move
multi-attack,makes-contact
multi-attack,blockable
multi-attack,mirror-move
double-iron-bash,makes-contact
double-iron-bash,blockable
double-iron-bash,mirror-move
double-iron-bash,punch
dynamax-cannon,blockable
snipe-shot,blockable
snipe-shot,mirror-move
jaw-lock,makes-contact
jaw-lock,blockable
jaw-lock,mirror-move
jaw-lock,jaw
stuff-cheeks,snatchable
no-retreat,snatchable
tar-shot,blockable
tar-shot,reflectable
tar-shot,mirror-move
magic-powder,blockable
magic-powder,reflectable
magic-powder,mirror-move
magic-powder,powder
dragon-darts,blockable
dragon-darts,mirror-move
teatime,bypasses-substitute
octolock,blockable
octolock,mirror-move
bolt-beak,makes-contact
bolt-beak,blockable
bolt-beak,mirror-move
fishious-rend,makes-contact
fishious-rend,blockable
fishious-rend,mirror-move
fishious-rend,jaw
court-change,mirror-move
clangorous-soul,snatchable
clangorous-soul,sound
clangorous-soul,dance
body-press,makes-contact
body-press,blockable
body-press,mirror-move
drum-beating,blockable
drum-beating,mirror-move
snap-trap,makes-contact
snap-trap,blockable
snap-trap,mirror-move
pyro-ball,blockable
pyro-ball,mirror-move
pyro-ball,defrosts
pyro-ball,ballistic
behemoth-blade,makes-contact
behemoth-blade,blockable
behemoth-blade,mirror-move
behemoth-bash,makes-contact
behemoth-bash,blockable
behemoth-bash,mirror-move
aura-wheel,blockable
aura-wheel,mirror-move
breaking-swipe,makes-contact
breaking-swipe,blockable
breaking-swipe,mirror-move
branch-poke,makes-contact
branch-poke,blockable
branch-poke,mirror-move
overdrive,blockable
overdrive,mirror-move
overdrive,sound
overdrive,bypasses-substitute
apple-acid,blockable
apple-acid,mirror-move
grav-apple,blockable
grav-apple,mirror-move
spirit-break,makes-contact
spirit-break,blockable
spirit-break,mirror-move
strange-steam,blockable
strange-steam,mirror-move
life-dew,snatchable
life-dew,heals
life-dew,bypasses-substitute
false-surrender,makes-contact
false-surrender,blockable
false-surrender,mirror-move
meteor-assault,recharges
meteor-assault,blockable
meteor-assault,mirror-move
eternabeam,recharges
eternabeam,blockable
eternabeam,mirror-move
steel-beam,blockable
steel-beam,mirror-move
burning-jealousy,blockable
burning-jealousy,mirror-move
coaching,mirror-move
corrosive-gas,blockable
corrosive-gas,reflectable
corrosive-gas,mirror-move
dual-wingbeat,makes-contact
dual-wingbeat,blockable
dual-wingbeat,mirror-move
expanding-force,blockable
expanding-force,mirror-move
flip-turn,makes-contact
flip-turn,blockable
flip-turn,mirror-move
grassy-glide,makes-contact
grassy-glide,blockable
grassy-glide,mirror-move
jungle-healing,heals
lash-out,makes-contact
lash-out,blockable
lash-out,mirror-move
meteor-beam,charges
meteor-beam,blockable
meteor-beam,mirror-move
misty-explosion,blockable
misty-explosion,mirror-move
poltergeist,blockable
poltergeist,mirror-move
rising-voltage,blockable
rising-voltage,mirror-move
scale-shot,blockable
scale-shot,mirror-move
scorching-sands,blockable
scorching-sands,mirror-move
shell-side-arm,blockable
shell-side-arm,mirror-move
skitter-smack,makes-contact
skitter-smack,blockable
skitter-smack,mirror-move
steel-roller,charges
steel-roller,blockable
steel-roller,mirror-move
surging-strikes,makes-contact
surging-strikes,blockable
surging-strikes,mirror-move
terrain-pulse,blockable
terrain-pulse,mirror-move
terrain-pulse,pulse
triple-axel,makes-contact
triple-axel,blockable
triple-axel,mirror-move
wicked-blow,makes-contact
wicked-blow,blockable
wicked-blow,mirror-move
eerie-spell,blockable
eerie-spell,mirror-move
eerie-spell,sound
thunder-cage,blockable
thunder-cage,mirror-move
dragon-energy,blockable
dragon-energy,mirror-move
freezing-glare,mirror-move
thunderous-kick,makes-contact
thunderous-kick,blockable
thunderous-kick,mirror-move
fiery-wrath,mirror-move
glacial-lance,blockable
glacial-lance,mirror-move
astral-barrage,blockable
astral-barrage,mirror-move
