pokemon_identifier,move_identifier,needs_light_ball
bulbasaur,petal-dance,False
bulbasaur,toxic,False
bulbasaur,skull-bash,False
bulbasaur,curse,False
bulbasaur,nature-power,False
bulbasaur,ingrain,False
charmander,wing-attack,False
charmander,bite,False
charmander,counter,False
charmander,belly-drum,False
charmander,metal-claw,False
charmander,ancient-power,False
charmander,dragon-rush,False
charmander,dragon-tail,False
squirtle,mist,False
squirtle,haze,False
squirtle,flail,False
squirtle,mirror-coat,False
squirtle,fake-out,False
squirtle,yawn,False
squirtle,water-spout,False
squirtle,aqua-ring,False
squirtle,aqua-jet,False
squirtle,life-dew,False
pidgey,feint-attack,False
pidgey,foresight,False
pidgey,steel-wing,False
pidgey,pursuit,False
pidgey,uproar,False
pidgey,air-cutter,False
pidgey,air-slash,False
pidgey,brave-bird,False
pidgey,defog,False
rattata,bite,False
rattata,counter,False
rattata,screech,False
rattata,fury-swipes,False
rattata,flame-wheel,False
rattata,reversal,False
rattata,uproar,False
rattata,revenge,False
rattata,me-first,False
rattata,last-resort,False
rattata,final-gambit,False
rattata-alola,counter,False
rattata-alola,fury-swipes,False
rattata-alola,reversal,False
rattata-alola,uproar,False
rattata-alola,stockpile,False
rattata-alola,swallow,False
rattata-alola,revenge,False
rattata-alola,snatch,False
rattata-alola,me-first,False
rattata-alola,switcheroo,False
rattata-alola,final-gambit,False
spearow,razor-wind,False
spearow,whirlwind,False
spearow,quick-attack,False
spearow,sky-attack,False
spearow,tri-attack,False
spearow,scary-face,False
spearow,feint-attack,False
spearow,steel-wing,False
spearow,uproar,False
spearow,feather-dance,False
spearow,astonish,False
ekans,slam,False
ekans,disable,False
ekans,spite,False
ekans,scary-face,False
ekans,pursuit,False
ekans,iron-tail,False
ekans,beat-up,False
ekans,snatch,False
ekans,poison-fang,False
ekans,poison-tail,False
ekans,sucker-punch,False
ekans,switcheroo,False
pichu,flail,False
pichu,present,False
pichu,fake-out,False
pichu,charge,False
pichu,wish,False
pichu,tickle,False
pichu,disarming-voice,False
pichu,volt-tackle,True
pikachu-sinnoh-cap,double-edge,False
pikachu-sinnoh-cap,curse,False
pikachu-sinnoh-cap,flail,False
pikachu-sinnoh-cap,spite,False
pikachu-sinnoh-cap,covet,False
pikachu-sinnoh-cap,night-slash,False
pikachu-kalos-cap,confuse-ray,False
pikachu-kalos-cap,fake-out,False
pikachu-kalos-cap,tickle,False
pikachu-kalos-cap,power-split,False
sandshrew,counter,False
sandshrew,flail,False
sandshrew,endure,False
sandshrew,rapid-spin,False
sandshrew,metal-claw,False
sandshrew,crush-claw,False
sandshrew,mud-shot,False
sandshrew,night-slash,False
sandshrew,rock-climb,False
sandshrew,hone-claws,False
sandshrew,chip-away,False
sandshrew,rototiller,False
sandshrew-alola,counter,False
sandshrew-alola,amnesia,False
sandshrew-alola,curse,False
sandshrew-alola,flail,False
sandshrew-alola,endure,False
sandshrew-alola,metal-claw,False
sandshrew-alola,crush-claw,False
sandshrew-alola,icicle-spear,False
sandshrew-alola,night-slash,False
sandshrew-alola,hone-claws,False
sandshrew-alola,chip-away,False
sandshrew-alola,icicle-crash,False
nidoran-female,take-down,False
nidoran-female,supersonic,False
nidoran-female,disable,False
nidoran-female,counter,False
nidoran-female,focus-energy,False
nidoran-female,skull-bash,False
nidoran-female,endure,False
nidoran-female,charm,False
nidoran-female,pursuit,False
nidoran-female,iron-tail,False
nidoran-female,beat-up,False
nidoran-female,poison-tail,False
nidoran-female,chip-away,False
nidoran-female,venom-drench,False
nidoran-male,take-down,False
nidoran-male,supersonic,False
nidoran-male,disable,False
nidoran-male,counter,False
nidoran-male,confusion,False
nidoran-male,amnesia,False
nidoran-male,endure,False
nidoran-male,iron-tail,False
nidoran-male,beat-up,False
nidoran-male,poison-tail,False
nidoran-male,sucker-punch,False
nidoran-male,head-smash,False
nidoran-male,chip-away,False
nidoran-male,venom-drench,False
cleffa,present,False
cleffa,wish,False
cleffa,aromatherapy,False
cleffa,tickle,False
cleffa,heal-pulse,False
vulpix,roar,False
vulpix,hypnosis,False
vulpix,flail,False
vulpix,memento,False
vulpix,howl,False
vulpix,flame-charge,False
vulpix,baby-doll-eyes,False
vulpix-alola,roar,False
vulpix-alola,hypnosis,False
vulpix-alola,flail,False
vulpix-alola,howl,False
vulpix-alola,freeze-dry,False
vulpix-alola,moonblast,False
vulpix-alola,baby-doll-eyes,False
igglybuff,feint-attack,False
igglybuff,perish-song,False
igglybuff,sleep-talk,False
igglybuff,present,False
igglybuff,wish,False
igglybuff,fake-tears,False
igglybuff,covet,False
igglybuff,gravity,False
igglybuff,punishment,False
igglybuff,last-resort,False
igglybuff,captivate,False
igglybuff,heal-pulse,False
igglybuff,misty-terrain,False
zubat,gust,False
zubat,whirlwind,False
zubat,hypnosis,False
zubat,quick-attack,False
zubat,curse,False
zubat,feint-attack,False
zubat,giga-drain,False
zubat,steel-wing,False
zubat,pursuit,False
zubat,brave-bird,False
zubat,nasty-plot,False
zubat,zen-headbutt,False
zubat,defog,False
zubat,venom-drench,False
oddish,leech-seed,False
oddish,razor-leaf,False
oddish,flail,False
oddish,synthesis,False
oddish,nature-power,False
oddish,ingrain,False
oddish,teeter-dance,False
oddish,tickle,False
oddish,after-you,False
oddish,strength-sap,False
paras,psybeam,False
paras,counter,False
paras,leech-seed,False
paras,agility,False
paras,screech,False
paras,flail,False
paras,endure,False
paras,pursuit,False
paras,sweet-scent,False
paras,metal-claw,False
paras,natural-gift,False
paras,cross-poison,False
paras,bug-bite,False
paras,wide-guard,False
paras,rototiller,False
paras,fell-stinger,False
paras,grassy-terrain,False
venonat,agility,False
venonat,screech,False
venonat,giga-drain,False
venonat,baton-pass,False
venonat,morning-sun,False
venonat,skill-swap,False
venonat,secret-power,False
venonat,signal-beam,False
venonat,toxic-spikes,False
venonat,bug-bite,False
venonat,rage-powder,False
diglett,headbutt,False
diglett,ancient-power,False
diglett,memento,False
diglett,hone-claws,False
diglett,final-gambit,False
diglett-alola,headbutt,False
diglett-alola,thrash,False
diglett-alola,ancient-power,False
diglett-alola,memento,False
diglett-alola,metal-sound,False
diglett-alola,hone-claws,False
diglett-alola,final-gambit,False
meowth,tail-whip,False
meowth,hypnosis,False
meowth,flail,False
meowth,spite,False
meowth,covet,False
meowth,last-resort,False
meowth-alola,hypnosis,False
meowth-alola,flail,False
meowth-alola,spite,False
meowth-alola,flatter,False
meowth-alola,covet,False
meowth-alola,parting-shot,False
meowth-galar,double-edge,False
meowth-galar,curse,False
meowth-galar,flail,False
meowth-galar,spite,False
meowth-galar,covet,False
meowth-galar,night-slash,False
psyduck,psybeam,False
psyduck,hypnosis,False
psyduck,confuse-ray,False
psyduck,foresight,False
psyduck,sleep-talk,False
psyduck,encore,False
psyduck,cross-chop,False
psyduck,future-sight,False
psyduck,yawn,False
psyduck,refresh,False
psyduck,secret-power,False
psyduck,mud-bomb,False
psyduck,synchronoise,False
psyduck,simple-beam,False
psyduck,clear-smog,False
mankey,counter,False
mankey,meditate,False
mankey,reversal,False
mankey,foresight,False
mankey,sleep-talk,False
mankey,encore,False
mankey,beat-up,False
mankey,focus-punch,False
mankey,smelling-salts,False
mankey,revenge,False
mankey,close-combat,False
mankey,night-slash,False
mankey,power-trip,False
growlithe,double-kick,False
growlithe,thrash,False
growlithe,double-edge,False
growlithe,morning-sun,False
growlithe,covet,False
poliwag,mist,False
poliwag,bubble-beam,False
poliwag,haze,False
poliwag,splash,False
poliwag,mind-reader,False
poliwag,endure,False
poliwag,encore,False
poliwag,endeavor,False
poliwag,refresh,False
poliwag,ice-ball,False
poliwag,mud-shot,False
poliwag,water-sport,False
poliwag,water-pulse,False
abra,fire-punch,False
abra,ice-punch,False
abra,thunder-punch,False
abra,barrier,False
abra,encore,False
abra,knock-off,False
abra,skill-swap,False
abra,psycho-shift,False
abra,power-trick,False
abra,guard-swap,False
abra,guard-split,False
abra,ally-switch,False
abra,psychic-terrain,False
machop,submission,False
machop,counter,False
machop,tickle,False
machop,bullet-punch,False
machop,quick-guard,False
bellsprout,leech-life,False
bellsprout,giga-drain,False
bellsprout,encore,False
bellsprout,synthesis,False
bellsprout,ingrain,False
bellsprout,weather-ball,False
bellsprout,tickle,False
bellsprout,bullet-seed,False
bellsprout,magical-leaf,False
bellsprout,natural-gift,False
bellsprout,worry-seed,False
bellsprout,power-whip,False
bellsprout,acid-spray,False
bellsprout,clear-smog,False
bellsprout,belch,False
bellsprout,strength-sap,False
tentacool,aurora-beam,False
tentacool,confuse-ray,False
tentacool,haze,False
tentacool,bubble,False
tentacool,rapid-spin,False
tentacool,mirror-coat,False
tentacool,knock-off,False
tentacool,tickle,False
tentacool,muddy-water,False
tentacool,acupressure,False
tentacool,aqua-ring,False
geodude,mega-punch,False
geodude,curse,False
geodude,flail,False
geodude,endure,False
geodude,focus-punch,False
geodude,block,False
geodude,hammer-arm,False
geodude,rock-climb,False
geodude,wide-guard,False
geodude,autotomize,False
geodude-alola,counter,False
geodude-alola,screech,False
geodude-alola,curse,False
geodude-alola,flail,False
geodude-alola,endure,False
geodude-alola,block,False
geodude-alola,magnet-rise,False
geodude-alola,rock-climb,False
geodude-alola,wide-guard,False
geodude-alola,autotomize,False
ponyta,double-kick,False
ponyta,horn-drill,False
ponyta,thrash,False
ponyta,double-edge,False
ponyta,hypnosis,False
ponyta,morning-sun,False
ponyta-galar,double-kick,False
ponyta-galar,horn-drill,False
ponyta-galar,thrash,False
ponyta-galar,double-edge,False
ponyta-galar,hypnosis,False
ponyta-galar,morning-sun,False
slowpoke,stomp,False
slowpoke,snore,False
slowpoke,belly-drum,False
slowpoke,sleep-talk,False
slowpoke,future-sight,False
slowpoke,mud-sport,False
slowpoke,block,False
slowpoke,me-first,False
slowpoke,zen-headbutt,False
slowpoke,wonder-room,False
slowpoke,belch,False
farfetchd,gust,False
farfetchd,quick-attack,False
farfetchd,sky-attack,False
farfetchd,curse,False
farfetchd,flail,False
farfetchd,feather-dance,False
farfetchd,covet,False
farfetchd,roost,False
farfetchd,feint,False
farfetchd,night-slash,False
farfetchd,simple-beam,False
farfetchd,final-gambit,False
farfetchd,first-impression,False
farfetchd-galar,double-edge,False
farfetchd-galar,counter,False
farfetchd-galar,quick-attack,False
farfetchd-galar,sky-attack,False
farfetchd-galar,curse,False
farfetchd-galar,flail,False
farfetchd-galar,covet,False
farfetchd-galar,feint,False
farfetchd-galar,night-slash,False
farfetchd-galar,simple-beam,False
farfetchd-galar,quick-guard,False
doduo,supersonic,False
doduo,quick-attack,False
doduo,haze,False
doduo,mirror-move,False
doduo,flail,False
doduo,feint-attack,False
doduo,endeavor,False
doduo,natural-gift,False
doduo,assurance,False
doduo,brave-bird,False
seel,slam,False
seel,horn-drill,False
seel,disable,False
seel,lick,False
seel,perish-song,False
seel,sleep-talk,False
seel,encore,False
seel,iron-tail,False
seel,fake-out,False
seel,stockpile,False
seel,spit-up,False
seel,swallow,False
seel,signal-beam,False
seel,icicle-spear,False
seel,water-pulse,False
seel,entrainment,False
seel,belch,False
grimer,haze,False
grimer,lick,False
grimer,curse,False
grimer,scary-face,False
grimer,mean-look,False
grimer,stockpile,False
grimer,spit-up,False
grimer,swallow,False
grimer,imprison,False
grimer,shadow-punch,False
grimer,shadow-sneak,False
grimer,acid-spray,False
grimer,power-up-punch,False
grimer-alola,curse,False
grimer-alola,spite,False
grimer-alola,scary-face,False
grimer-alola,mean-look,False
grimer-alola,pursuit,False
grimer-alola,stockpile,False
grimer-alola,spit-up,False
grimer-alola,swallow,False
grimer-alola,imprison,False
grimer-alola,assurance,False
grimer-alola,shadow-sneak,False
grimer-alola,clear-smog,False
grimer-alola,power-up-punch,False
shellder,bubble-beam,False
shellder,water-pulse,False
shellder,aqua-ring,False
shellder,life-dew,False
gastly,disable,False
gastly,toxic,False
gastly,haze,False
gastly,smog,False
gastly,perish-song,False
gastly,grudge,False
gastly,astonish,False
gastly,clear-smog,False
gastly,reflect-type,False
onix,defense-curl,False
onix,flail,False
onix,rollout,False
onix,block,False
onix,head-smash,False
onix,wide-guard,False
onix,dragon-tail,False
drowzee,fire-punch,False
drowzee,ice-punch,False
drowzee,thunder-punch,False
drowzee,barrier,False
drowzee,flatter,False
drowzee,role-play,False
drowzee,assist,False
drowzee,skill-swap,False
drowzee,secret-power,False
drowzee,guard-swap,False
drowzee,nasty-plot,False
drowzee,psycho-cut,False
drowzee,power-split,False
drowzee,psychic-terrain,False
krabby,slash,False
krabby,ancient-power,False
krabby,knock-off,False
krabby,hammer-arm,False
krabby,night-slash,False
exeggcute,curse,False
exeggcute,giga-drain,False
exeggcute,synthesis,False
exeggcute,moonlight,False
exeggcute,ancient-power,False
exeggcute,nature-power,False
exeggcute,ingrain,False
exeggcute,skill-swap,False
exeggcute,block,False
exeggcute,natural-gift,False
exeggcute,lucky-chant,False
exeggcute,power-swap,False
exeggcute,leaf-storm,False
exeggcute,grassy-terrain,False
cubone,double-kick,False
cubone,screech,False
cubone,skull-bash,False
cubone,curse,False
cubone,belly-drum,False
cubone,perish-song,False
cubone,detect,False
cubone,endure,False
cubone,ancient-power,False
cubone,iron-head,False
cubone,chip-away,False
tyrogue,counter,False
tyrogue,high-jump-kick,False
tyrogue,mind-reader,False
tyrogue,mach-punch,False
tyrogue,rapid-spin,False
tyrogue,feint,False
tyrogue,vacuum-wave,False
tyrogue,bullet-punch,False
lickitung,body-slam,False
lickitung,thrash,False
lickitung,amnesia,False
lickitung,snore,False
lickitung,curse,False
lickitung,belly-drum,False
lickitung,sleep-talk,False
lickitung,magnitude,False
lickitung,smelling-salts,False
lickitung,muddy-water,False
lickitung,hammer-arm,False
lickitung,zen-headbutt,False
lickitung,belch,False
koffing,psybeam,False
koffing,curse,False
koffing,spite,False
koffing,pain-split,False
koffing,stockpile,False
koffing,spit-up,False
koffing,swallow,False
koffing,grudge,False
rhyhorn,counter,False
rhyhorn,skull-bash,False
rhyhorn,curse,False
rhyhorn,metal-burst,False
rhyhorn,rock-polish,False
rhyhorn,dragon-rush,False
rhyhorn,guard-split,False
happiny,counter,False
happiny,metronome,False
happiny,endure,False
happiny,heal-bell,False
happiny,present,False
happiny,helping-hand,False
happiny,aromatherapy,False
happiny,gravity,False
happiny,natural-gift,False
happiny,last-resort,False
happiny,mud-bomb,False
chansey,counter,False
chansey,seismic-toss,False
chansey,metronome,False
chansey,endure,False
chansey,heal-bell,False
chansey,present,False
chansey,helping-hand,False
chansey,aromatherapy,False
chansey,gravity,False
chansey,natural-gift,False
chansey,mud-bomb,False
tangela,mega-drain,False
tangela,leech-seed,False
tangela,confusion,False
tangela,amnesia,False
tangela,flail,False
tangela,giga-drain,False
tangela,nature-power,False
tangela,endeavor,False
tangela,wake-up-slap,False
tangela,natural-gift,False
tangela,power-swap,False
tangela,leaf-storm,False
tangela,rage-powder,False
kangaskhan,stomp,False
kangaskhan,double-edge,False
kangaskhan,disable,False
kangaskhan,counter,False
kangaskhan,focus-energy,False
kangaskhan,foresight,False
kangaskhan,uproar,False
kangaskhan,focus-punch,False
kangaskhan,endeavor,False
kangaskhan,crush-claw,False
kangaskhan,hammer-arm,False
kangaskhan,trump-card,False
kangaskhan,circle-throw,False
kangaskhan-mega,stomp,False
kangaskhan-mega,double-edge,False
kangaskhan-mega,disable,False
kangaskhan-mega,counter,False
kangaskhan-mega,focus-energy,False
kangaskhan-mega,foresight,False
kangaskhan-mega,uproar,False
kangaskhan-mega,focus-punch,False
kangaskhan-mega,endeavor,False
kangaskhan-mega,crush-claw,False
kangaskhan-mega,hammer-arm,False
kangaskhan-mega,trump-card,False
kangaskhan-mega,circle-throw,False
horsea,razor-wind,False
horsea,disable,False
horsea,aurora-beam,False
horsea,dragon-rage,False
horsea,splash,False
horsea,flail,False
horsea,octazooka,False
horsea,outrage,False
horsea,dragon-breath,False
horsea,signal-beam,False
horsea,muddy-water,False
horsea,water-pulse,False
horsea,clear-smog,False
goldeen,psybeam,False
goldeen,haze,False
goldeen,mud-slap,False
goldeen,acupressure,False
goldeen,aqua-tail,False
staryu,supersonic,False
staryu,aurora-beam,False
staryu,barrier,False
mime-jr,hypnosis,False
mime-jr,confuse-ray,False
mime-jr,fake-out,False
mime-jr,tickle,False
mime-jr,power-split,False
mr-mime,hypnosis,False
mr-mime,confuse-ray,False
mr-mime,fake-out,False
mr-mime,tickle,False
mr-mime,power-split,False
mr-mime-galar,confuse-ray,False
mr-mime-galar,fake-out,False
mr-mime-galar,tickle,False
mr-mime-galar,power-split,False
scyther,razor-wind,False
scyther,counter,False
scyther,reversal,False
scyther,endure,False
scyther,steel-wing,False
scyther,baton-pass,False
scyther,silver-wind,False
scyther,night-slash,False
scyther,bug-buzz,False
scyther,defog,False
scyther,quick-guard,False
jynx,ice-punch,False
jynx,meditate,False
jynx,fake-out,False
jynx,wish,False
jynx,miracle-eye,False
jynx,wake-up-slap,False
jynx,nasty-plot,False
jynx,captivate,False
elekid,karate-chop,False
elekid,fire-punch,False
elekid,ice-punch,False
elekid,rolling-kick,False
elekid,meditate,False
elekid,barrier,False
elekid,dynamic-punch,False
elekid,cross-chop,False
elekid,focus-punch,False
elekid,hammer-arm,False
elekid,feint,False
magby,karate-chop,False
magby,mega-punch,False
magby,thunder-punch,False
magby,screech,False
magby,barrier,False
magby,focus-energy,False
magby,mach-punch,False
magby,belly-drum,False
magby,dynamic-punch,False
magby,iron-tail,False
magby,cross-chop,False
magby,power-swap,False
magby,flare-blitz,False
magby,belch,False
pinsir,fury-attack,False
pinsir,quick-attack,False
pinsir,flail,False
pinsir,feint-attack,False
pinsir,superpower,False
pinsir,feint,False
pinsir,close-combat,False
pinsir,me-first,False
pinsir,bug-bite,False
pinsir-mega,fury-attack,False
pinsir-mega,quick-attack,False
pinsir-mega,flail,False
pinsir-mega,feint-attack,False
pinsir-mega,superpower,False
pinsir-mega,feint,False
pinsir-mega,close-combat,False
pinsir-mega,me-first,False
pinsir-mega,bug-bite,False
lapras,horn-drill,False
lapras,fissure,False
lapras,curse,False
lapras,ancient-power,False
lapras,tickle,False
lapras,freeze-dry,False
lapras,sparkling-aria,False
eevee,double-kick,False
eevee,curse,False
eevee,flail,False
eevee,mud-slap,False
eevee,detect,False
eevee,wish,False
eevee,yawn,False
eevee,tickle,False
omanyte,slam,False
omanyte,supersonic,False
omanyte,bubble-beam,False
omanyte,aurora-beam,False
omanyte,haze,False
omanyte,bide,False
omanyte,spikes,False
omanyte,whirlpool,False
omanyte,knock-off,False
omanyte,muddy-water,False
omanyte,water-pulse,False
omanyte,wring-out,False
omanyte,toxic-spikes,False
omanyte,reflect-type,False
kabuto,take-down,False
kabuto,bubble-beam,False
kabuto,aurora-beam,False
kabuto,screech,False
kabuto,confuse-ray,False
kabuto,flail,False
kabuto,foresight,False
kabuto,icy-wind,False
kabuto,giga-drain,False
kabuto,rapid-spin,False
kabuto,knock-off,False
kabuto,mud-shot,False
aerodactyl,whirlwind,False
aerodactyl,curse,False
aerodactyl,foresight,False
aerodactyl,steel-wing,False
aerodactyl,dragon-breath,False
aerodactyl,pursuit,False
aerodactyl,roost,False
aerodactyl,tailwind,False
aerodactyl,assurance,False
aerodactyl,wide-guard,False
aerodactyl-mega,whirlwind,False
aerodactyl-mega,curse,False
aerodactyl-mega,foresight,False
aerodactyl-mega,steel-wing,False
aerodactyl-mega,dragon-breath,False
aerodactyl-mega,pursuit,False
aerodactyl-mega,roost,False
aerodactyl-mega,tailwind,False
aerodactyl-mega,assurance,False
aerodactyl-mega,wide-guard,False
munchlax,double-edge,False
munchlax,counter,False
munchlax,fissure,False
munchlax,curse,False
munchlax,belch,False
snorlax,double-edge,False
snorlax,counter,False
snorlax,fissure,False
snorlax,curse,False
snorlax,gastro-acid,False
dratini,supersonic,False
dratini,mist,False
dratini,haze,False
dratini,dragon-breath,False
dratini,iron-tail,False
dratini,extreme-speed,False
dratini,dragon-dance,False
dratini,water-pulse,False
dratini,dragon-pulse,False
dratini,dragon-rush,False
dratini,aqua-jet,False
chikorita,vine-whip,False
chikorita,body-slam,False
chikorita,counter,False
chikorita,leech-seed,False
chikorita,flail,False
chikorita,ancient-power,False
chikorita,nature-power,False
chikorita,ingrain,False
chikorita,refresh,False
chikorita,aromatherapy,False
chikorita,grass-whistle,False
chikorita,wring-out,False
chikorita,leaf-storm,False
chikorita,heal-pulse,False
chikorita,grassy-terrain,False
cyndaquil,double-kick,False
cyndaquil,thrash,False
cyndaquil,double-edge,False
cyndaquil,quick-attack,False
cyndaquil,fury-swipes,False
cyndaquil,reversal,False
cyndaquil,foresight,False
cyndaquil,nature-power,False
cyndaquil,crush-claw,False
cyndaquil,extrasensory,False
cyndaquil,howl,False
cyndaquil,covet,False
cyndaquil,flare-blitz,False
cyndaquil,flame-burst,False
totodile,ice-punch,False
totodile,thrash,False
totodile,hydro-pump,False
totodile,metal-claw,False
totodile,crunch,False
totodile,ancient-power,False
totodile,flatter,False
totodile,mud-sport,False
totodile,fake-tears,False
totodile,block,False
totodile,water-sport,False
totodile,dragon-dance,False
totodile,water-pulse,False
totodile,aqua-jet,False
sentret,double-edge,False
sentret,focus-energy,False
sentret,slash,False
sentret,reversal,False
sentret,charm,False
sentret,pursuit,False
sentret,iron-tail,False
sentret,trick,False
sentret,assist,False
sentret,covet,False
sentret,natural-gift,False
sentret,last-resort,False
sentret,captivate,False
sentret,baby-doll-eyes,False
hoothoot,wing-attack,False
hoothoot,whirlwind,False
hoothoot,supersonic,False
hoothoot,night-shade,False
hoothoot,feather-dance,False
hoothoot,defog,False
ledyba,psybeam,False
ledyba,counter,False
ledyba,screech,False
ledyba,bide,False
ledyba,dizzy-punch,False
ledyba,endure,False
ledyba,encore,False
ledyba,focus-punch,False
ledyba,knock-off,False
ledyba,silver-wind,False
ledyba,tailwind,False
ledyba,bug-buzz,False
ledyba,drain-punch,False
ledyba,bug-bite,False
spinarak,twineedle,False
spinarak,sonic-boom,False
spinarak,disable,False
spinarak,psybeam,False
spinarak,megahorn,False
spinarak,baton-pass,False
spinarak,pursuit,False
spinarak,signal-beam,False
spinarak,toxic-spikes,False
spinarak,night-slash,False
spinarak,rage-powder,False
spinarak,electroweb,False
spinarak,lunge,False
chinchou,mist,False
chinchou,psybeam,False
chinchou,water-pulse,False
chinchou,soak,False
togepi,peck,False
togepi,present,False
togepi,morning-sun,False
togepi,extrasensory,False
togepi,aerial-ace,False
togepi,psycho-shift,False
natu,drill-peck,False
natu,quick-attack,False
natu,feather-dance,False
natu,roost,False
natu,sucker-punch,False
natu,simple-beam,False
mareep,sand-attack,False
mareep,body-slam,False
mareep,take-down,False
mareep,agility,False
mareep,screech,False
mareep,iron-tail,False
mareep,flatter,False
mareep,charge,False
mareep,odor-sleuth,False
mareep,after-you,False
mareep,eerie-impulse,False
mareep,electric-terrain,False
azurill,slam,False
azurill,body-slam,False
azurill,sing,False
azurill,encore,False
azurill,refresh,False
azurill,camouflage,False
azurill,fake-tears,False
azurill,tickle,False
azurill,muddy-water,False
azurill,water-sport,False
azurill,copycat,False
azurill,soak,False
marill,body-slam,False
marill,supersonic,False
marill,amnesia,False
marill,belly-drum,False
marill,perish-song,False
marill,present,False
marill,future-sight,False
marill,superpower,False
marill,refresh,False
marill,camouflage,False
marill,muddy-water,False
marill,water-sport,False
marill,aqua-jet,False
bonsly,headbutt,False
bonsly,harden,False
bonsly,defense-curl,False
bonsly,curse,False
bonsly,rollout,False
bonsly,rock-polish,False
sudowoodo,headbutt,False
sudowoodo,harden,False
sudowoodo,defense-curl,False
sudowoodo,curse,False
sudowoodo,rollout,False
sudowoodo,rock-polish,False
hoppip,double-edge,False
hoppip,confusion,False
hoppip,amnesia,False
hoppip,endure,False
hoppip,encore,False
hoppip,helping-hand,False
hoppip,aromatherapy,False
hoppip,worry-seed,False
hoppip,seed-bomb,False
hoppip,cotton-guard,False
hoppip,grassy-terrain,False
hoppip,strength-sap,False
aipom,double-slap,False
aipom,slam,False
aipom,counter,False
aipom,agility,False
aipom,screech,False
aipom,spite,False
aipom,pursuit,False
aipom,beat-up,False
aipom,fake-out,False
aipom,revenge,False
aipom,bounce,False
aipom,covet,False
aipom,switcheroo,False
aipom,quick-guard,False
aipom,tail-slap,False
sunkern,leech-seed,False
sunkern,bide,False
sunkern,curse,False
sunkern,endure,False
sunkern,encore,False
sunkern,sweet-scent,False
sunkern,morning-sun,False
sunkern,nature-power,False
sunkern,helping-hand,False
sunkern,ingrain,False
sunkern,grass-whistle,False
sunkern,natural-gift,False
sunkern,grassy-terrain,False
yanma,whirlwind,False
yanma,double-edge,False
yanma,leech-life,False
yanma,reversal,False
yanma,feint-attack,False
yanma,pursuit,False
yanma,secret-power,False
yanma,silver-wind,False
yanma,signal-beam,False
yanma,feint,False
wooper,double-kick,False
wooper,counter,False
wooper,recover,False
wooper,curse,False
wooper,ancient-power,False
wooper,stockpile,False
wooper,spit-up,False
wooper,swallow,False
wooper,acid-spray,False
wooper,after-you,False
wooper,power-up-punch,False
murkrow,wing-attack,False
murkrow,whirlwind,False
murkrow,drill-peck,False
murkrow,screech,False
murkrow,confuse-ray,False
murkrow,mirror-move,False
murkrow,sky-attack,False
murkrow,feint-attack,False
murkrow,perish-song,False
murkrow,flatter,False
murkrow,feather-dance,False
murkrow,roost,False
murkrow,assurance,False
murkrow,psycho-shift,False
murkrow,punishment,False
murkrow,brave-bird,False
misdreavus,screech,False
misdreavus,curse,False
misdreavus,spite,False
misdreavus,destiny-bond,False
misdreavus,memento,False
misdreavus,skill-swap,False
misdreavus,imprison,False
misdreavus,me-first,False
misdreavus,sucker-punch,False
misdreavus,nasty-plot,False
misdreavus,shadow-sneak,False
misdreavus,ominous-wind,False
misdreavus,wonder-room,False
girafarig,razor-wind,False
girafarig,double-kick,False
girafarig,take-down,False
girafarig,amnesia,False
girafarig,foresight,False
girafarig,mean-look,False
girafarig,mirror-coat,False
girafarig,future-sight,False
girafarig,beat-up,False
girafarig,wish,False
girafarig,magic-coat,False
girafarig,skill-swap,False
girafarig,secret-power,False
girafarig,psychic-terrain,False
girafarig,psychic-fangs,False
pineco,double-edge,False
pineco,pin-missile,False
pineco,counter,False
pineco,swift,False
pineco,flail,False
pineco,endure,False
pineco,revenge,False
pineco,sand-tomb,False
pineco,power-trick,False
pineco,toxic-spikes,False
pineco,stealth-rock,False
dunsparce,headbutt,False
dunsparce,bite,False
dunsparce,agility,False
dunsparce,bide,False
dunsparce,snore,False
dunsparce,curse,False
dunsparce,sleep-talk,False
dunsparce,ancient-power,False
dunsparce,magic-coat,False
dunsparce,secret-power,False
dunsparce,astonish,False
dunsparce,trump-card,False
dunsparce,hex,False
gligar,razor-wind,False
gligar,wing-attack,False
gligar,double-edge,False
gligar,counter,False
gligar,agility,False
gligar,baton-pass,False
gligar,metal-claw,False
gligar,sand-tomb,False
gligar,poison-tail,False
gligar,feint,False
gligar,power-trick,False
gligar,night-slash,False
gligar,rock-climb,False
gligar,cross-poison,False
snubbull,double-edge,False
snubbull,mimic,False
snubbull,metronome,False
snubbull,snore,False
snubbull,feint-attack,False
snubbull,heal-bell,False
snubbull,present,False
snubbull,crunch,False
snubbull,focus-punch,False
snubbull,smelling-salts,False
snubbull,fake-tears,False
snubbull,close-combat,False
snubbull,thunder-fang,False
snubbull,ice-fang,False
snubbull,fire-fang,False
qwilfish,supersonic,False
qwilfish,bubble-beam,False
qwilfish,haze,False
qwilfish,flail,False
qwilfish,astonish,False
qwilfish,water-pulse,False
qwilfish,aqua-jet,False
qwilfish,acid-spray,False
shuckle,acid,False
shuckle,toxic,False
shuckle,defense-curl,False
shuckle,sweet-scent,False
shuckle,knock-off,False
shuckle,covet,False
shuckle,acupressure,False
shuckle,final-gambit,False
shuckle,infestation,False
heracross,double-edge,False
heracross,seismic-toss,False
heracross,harden,False
heracross,bide,False
heracross,flail,False
heracross,megahorn,False
heracross,pursuit,False
heracross,focus-punch,False
heracross,revenge,False
heracross,rock-blast,False
heracross-mega,double-edge,False
heracross-mega,seismic-toss,False
heracross-mega,harden,False
heracross-mega,bide,False
heracross-mega,flail,False
heracross-mega,megahorn,False
heracross-mega,pursuit,False
heracross-mega,focus-punch,False
heracross-mega,revenge,False
heracross-mega,rock-blast,False
sneasel,bite,False
sneasel,counter,False
sneasel,spite,False
sneasel,fake-out,False
sneasel,feint,False
sneasel,ice-shard,False
sneasel,double-hit,False
sneasel,icicle-crash,False
teddiursa,take-down,False
teddiursa,double-edge,False
teddiursa,counter,False
teddiursa,seismic-toss,False
teddiursa,belly-drum,False
teddiursa,sleep-talk,False
teddiursa,metal-claw,False
teddiursa,cross-chop,False
teddiursa,crunch,False
teddiursa,yawn,False
teddiursa,fake-tears,False
teddiursa,close-combat,False
teddiursa,night-slash,False
teddiursa,chip-away,False
teddiursa,play-rough,False
slugma,smokescreen,False
slugma,acid-armor,False
slugma,curse,False
slugma,rollout,False
slugma,stockpile,False
slugma,spit-up,False
slugma,swallow,False
slugma,heat-wave,False
slugma,memento,False
slugma,guard-swap,False
slugma,earth-power,False
slugma,inferno,False
swinub,double-edge,False
swinub,bite,False
swinub,fissure,False
swinub,curse,False
swinub,ancient-power,False
swinub,icicle-crash,False
swinub,freeze-dry,False
corsola,mist,False
corsola,confuse-ray,False
corsola,curse,False
corsola,nature-power,False
corsola,water-pulse,False
corsola,head-smash,False
corsola-galar,confuse-ray,False
corsola-galar,haze,False
corsola-galar,destiny-bond,False
corsola-galar,nature-power,False
corsola-galar,water-pulse,False
corsola-galar,head-smash,False
remoraid,supersonic,False
remoraid,haze,False
remoraid,flail,False
remoraid,octazooka,False
remoraid,water-spout,False
remoraid,acid-spray,False
delibird,aurora-beam,False
delibird,counter,False
delibird,quick-attack,False
delibird,splash,False
delibird,destiny-bond,False
delibird,rapid-spin,False
delibird,fake-out,False
delibird,memento,False
delibird,ice-shard,False
delibird,freeze-dry,False
delibird,aurora-veil,False
mantyke,slam,False
mantyke,confuse-ray,False
mantyke,haze,False
mantyke,splash,False
mantyke,twister,False
mantyke,mirror-coat,False
mantyke,tailwind,False
mantine,slam,False
mantine,confuse-ray,False
mantine,haze,False
mantine,splash,False
mantine,twister,False
mantine,mirror-coat,False
mantine,tailwind,False
skarmory,whirlwind,False
skarmory,drill-peck,False
skarmory,sky-attack,False
skarmory,curse,False
skarmory,endure,False
skarmory,pursuit,False
skarmory,assurance,False
skarmory,guard-swap,False
skarmory,brave-bird,False
skarmory,stealth-rock,False
houndour,counter,False
houndour,fire-spin,False
houndour,rage,False
houndour,reversal,False
houndour,spite,False
houndour,destiny-bond,False
houndour,pursuit,False
houndour,beat-up,False
houndour,feint,False
houndour,punishment,False
houndour,sucker-punch,False
houndour,nasty-plot,False
houndour,thunder-fang,False
houndour,fire-fang,False
phanpy,body-slam,False
phanpy,counter,False
phanpy,fissure,False
phanpy,focus-energy,False
phanpy,snore,False
phanpy,mud-slap,False
phanpy,ancient-power,False
phanpy,endeavor,False
phanpy,ice-shard,False
phanpy,head-smash,False
phanpy,heavy-slam,False
phanpy,play-rough,False
phanpy,high-horsepower,False
stantler,double-kick,False
stantler,thrash,False
stantler,bite,False
stantler,disable,False
stantler,rage,False
stantler,spite,False
stantler,megahorn,False
stantler,mud-sport,False
stantler,extrasensory,False
stantler,me-first,False
stantler,zen-headbutt,False
miltank,double-edge,False
miltank,seismic-toss,False
miltank,dizzy-punch,False
miltank,curse,False
miltank,reversal,False
miltank,endure,False
miltank,sleep-talk,False
miltank,present,False
miltank,helping-hand,False
miltank,hammer-arm,False
miltank,natural-gift,False
miltank,punishment,False
miltank,heart-stamp,False
miltank,belch,False
larvitar,stomp,False
larvitar,curse,False
larvitar,ancient-power,False
treecko,razor-wind,False
treecko,double-kick,False
treecko,leech-seed,False
treecko,dragon-breath,False
treecko,synthesis,False
treecko,crunch,False
treecko,endeavor,False
treecko,mud-sport,False
treecko,crush-claw,False
treecko,grass-whistle,False
treecko,bullet-seed,False
treecko,magical-leaf,False
treecko,natural-gift,False
treecko,worry-seed,False
treecko,leaf-storm,False
treecko,grassy-terrain,False
torchic,low-kick,False
torchic,counter,False
torchic,agility,False
torchic,curse,False
torchic,reversal,False
torchic,endure,False
torchic,baton-pass,False
torchic,smelling-salts,False
torchic,feather-dance,False
torchic,crush-claw,False
torchic,feint,False
torchic,last-resort,False
torchic,night-slash,False
torchic,flame-burst,False
mudkip,stomp,False
mudkip,double-edge,False
mudkip,bite,False
mudkip,counter,False
mudkip,barrier,False
mudkip,sludge,False
mudkip,curse,False
mudkip,mirror-coat,False
mudkip,ancient-power,False
mudkip,whirlpool,False
mudkip,uproar,False
mudkip,yawn,False
mudkip,refresh,False
mudkip,ice-ball,False
mudkip,avalanche,False
mudkip,mud-bomb,False
mudkip,wide-guard,False
poochyena,leer,False
poochyena,sleep-talk,False
poochyena,yawn,False
poochyena,snatch,False
poochyena,poison-fang,False
poochyena,astonish,False
poochyena,covet,False
poochyena,me-first,False
poochyena,sucker-punch,False
poochyena,thunder-fang,False
poochyena,ice-fang,False
poochyena,fire-fang,False
poochyena,play-rough,False
zigzagoon,extreme-speed,False
zigzagoon,tickle,False
zigzagoon,simple-beam,False
zigzagoon-galar,knock-off,False
zigzagoon-galar,quick-guard,False
zigzagoon-galar,parting-shot,False
lotad,counter,False
lotad,leech-seed,False
lotad,razor-leaf,False
lotad,sweet-scent,False
lotad,synthesis,False
lotad,teeter-dance,False
lotad,tickle,False
seedot,take-down,False
seedot,leech-seed,False
seedot,quick-attack,False
seedot,worry-seed,False
seedot,night-slash,False
seedot,defog,False
taillow,whirlwind,False
taillow,supersonic,False
taillow,rage,False
taillow,mirror-move,False
taillow,sky-attack,False
taillow,steel-wing,False
taillow,pursuit,False
taillow,refresh,False
taillow,roost,False
taillow,brave-bird,False
taillow,defog,False
taillow,hurricane,False
taillow,boomburst,False
wingull,gust,False
wingull,twister,False
wingull,knock-off,False
wingull,air-cutter,False
wingull,aerial-ace,False
wingull,aqua-ring,False
wingull,wide-guard,False
wingull,soak,False
ralts,disable,False
ralts,confuse-ray,False
ralts,destiny-bond,False
ralts,mean-look,False
ralts,memento,False
ralts,knock-off,False
ralts,grudge,False
ralts,shadow-sneak,False
surskit,hydro-pump,False
surskit,psybeam,False
surskit,mind-reader,False
surskit,foresight,False
surskit,endure,False
surskit,signal-beam,False
surskit,mud-shot,False
surskit,bug-bite,False
surskit,aqua-jet,False
surskit,power-split,False
surskit,fell-stinger,False
surskit,lunge,False
shroomish,charm,False
shroomish,focus-punch,False
shroomish,helping-hand,False
shroomish,fake-tears,False
shroomish,bullet-seed,False
shroomish,wake-up-slap,False
shroomish,natural-gift,False
shroomish,worry-seed,False
shroomish,seed-bomb,False
shroomish,drain-punch,False
slakoth,body-slam,False
slakoth,slash,False
slakoth,snore,False
slakoth,curse,False
slakoth,sleep-talk,False
slakoth,pursuit,False
slakoth,crush-claw,False
slakoth,tickle,False
slakoth,hammer-arm,False
slakoth,night-slash,False
slakoth,after-you,False
nincada,gust,False
nincada,flail,False
nincada,night-slash,False
nincada,bug-bite,False
nincada,final-gambit,False
whismur,whirlwind,False
whismur,take-down,False
whismur,smokescreen,False
whismur,snore,False
whismur,smelling-salts,False
whismur,endeavor,False
whismur,fake-tears,False
whismur,extrasensory,False
whismur,hammer-arm,False
whismur,circle-throw,False
whismur,disarming-voice,False
makuhita,counter,False
makuhita,feint-attack,False
makuhita,foresight,False
makuhita,detect,False
makuhita,dynamic-punch,False
makuhita,cross-chop,False
makuhita,focus-punch,False
makuhita,helping-hand,False
makuhita,revenge,False
makuhita,wake-up-slap,False
makuhita,feint,False
makuhita,bullet-punch,False
makuhita,wide-guard,False
makuhita,chip-away,False
nosepass,double-edge,False
nosepass,endure,False
nosepass,rollout,False
nosepass,magnitude,False
nosepass,block,False
nosepass,stealth-rock,False
nosepass,wide-guard,False
skitty,baton-pass,False
skitty,fake-out,False
skitty,uproar,False
skitty,helping-hand,False
skitty,wish,False
skitty,fake-tears,False
skitty,tickle,False
skitty,cosmic-power,False
skitty,last-resort,False
skitty,sucker-punch,False
skitty,mud-bomb,False
skitty,zen-headbutt,False
skitty,captivate,False
skitty,simple-beam,False
sableye,recover,False
sableye,torment,False
sableye,flatter,False
sableye,feint,False
sableye,metal-burst,False
sableye,sucker-punch,False
sableye-mega,recover,False
sableye-mega,mean-look,False
sableye-mega,moonlight,False
sableye-mega,flatter,False
sableye-mega,trick,False
sableye-mega,imprison,False
sableye-mega,feint,False
sableye-mega,metal-burst,False
sableye-mega,sucker-punch,False
sableye-mega,nasty-plot,False
sableye-mega,captivate,False
mawile,slam,False
mawile,seismic-toss,False
mawile,ancient-power,False
mawile,tickle,False
mawile,power-up-punch,False
mawile-mega,slam,False
mawile-mega,seismic-toss,False
mawile-mega,ancient-power,False
mawile-mega,poison-fang,False
mawile-mega,tickle,False
mawile-mega,metal-burst,False
mawile-mega,guard-swap,False
mawile-mega,punishment,False
mawile-mega,sucker-punch,False
mawile-mega,thunder-fang,False
mawile-mega,ice-fang,False
mawile-mega,fire-fang,False
mawile-mega,captivate,False
mawile-mega,misty-terrain,False
mawile-mega,power-up-punch,False
aron,stomp,False
aron,body-slam,False
aron,screech,False
aron,curse,False
aron,reversal,False
aron,smelling-salts,False
aron,superpower,False
aron,endeavor,False
aron,dragon-rush,False
aron,iron-head,False
aron,stealth-rock,False
aron,head-smash,False
meditite,fire-punch,False
meditite,ice-punch,False
meditite,thunder-punch,False
meditite,foresight,False
meditite,dynamic-punch,False
meditite,baton-pass,False
meditite,fake-out,False
meditite,secret-power,False
meditite,power-swap,False
meditite,guard-swap,False
meditite,drain-punch,False
meditite,bullet-punch,False
meditite,psycho-cut,False
meditite,quick-guard,False
electrike,headbutt,False
electrike,curse,False
electrike,spark,False
electrike,switcheroo,False
plusle,sing,False
plusle,sweet-kiss,False
plusle,charm,False
plusle,wish,False
plusle,fake-tears,False
plusle,lucky-chant,False
plusle,discharge,False
plusle,tearful-look,False
minun,sing,False
minun,sweet-kiss,False
minun,charm,False
minun,wish,False
minun,fake-tears,False
minun,lucky-chant,False
minun,discharge,False
minun,tearful-look,False
volbeat,seismic-toss,False
volbeat,dizzy-punch,False
volbeat,baton-pass,False
volbeat,encore,False
volbeat,trick,False
volbeat,silver-wind,False
volbeat,bug-buzz,False
volbeat,lunge,False
illumise,growth,False
illumise,confuse-ray,False
illumise,baton-pass,False
illumise,encore,False
illumise,aromatherapy,False
illumise,fake-tears,False
illumise,silver-wind,False
illumise,bug-buzz,False
illumise,captivate,False
budew,razor-leaf,False
budew,sleep-powder,False
budew,cotton-spore,False
budew,synthesis,False
budew,extrasensory,False
budew,life-dew,False
roselia,razor-leaf,False
roselia,sleep-powder,False
roselia,cotton-spore,False
roselia,extrasensory,False
roselia,life-dew,False
gulpin,smog,False
gulpin,acid-armor,False
gulpin,curse,False
gulpin,mud-slap,False
gulpin,destiny-bond,False
gulpin,pain-split,False
gulpin,gunk-shot,False
gulpin,venom-drench,False
carvanha,thrash,False
carvanha,double-edge,False
carvanha,hydro-pump,False
carvanha,swift,False
carvanha,destiny-bond,False
carvanha,ancient-power,False
carvanha,brine,False
carvanha,psychic-fangs,False
wailmer,thrash,False
wailmer,double-edge,False
wailmer,fissure,False
wailmer,defense-curl,False
wailmer,curse,False
wailmer,rollout,False
wailmer,tickle,False
wailmer,aqua-ring,False
wailmer,soak,False
numel,stomp,False
numel,body-slam,False
numel,growth,False
numel,defense-curl,False
numel,scary-face,False
numel,endure,False
numel,rollout,False
numel,ancient-power,False
numel,stockpile,False
numel,spit-up,False
numel,swallow,False
numel,heat-wave,False
numel,yawn,False
numel,howl,False
numel,mud-bomb,False
numel,iron-head,False
numel,heavy-slam,False
torkoal,fissure,False
torkoal,skull-bash,False
torkoal,flail,False
torkoal,ancient-power,False
torkoal,yawn,False
spoink,whirlwind,False
spoink,amnesia,False
spoink,endure,False
spoink,mirror-coat,False
spoink,future-sight,False
spoink,trick,False
spoink,skill-swap,False
spoink,extrasensory,False
spoink,lucky-chant,False
spoink,zen-headbutt,False
spoink,simple-beam,False
spinda,disable,False
spinda,icy-wind,False
spinda,baton-pass,False
spinda,encore,False
spinda,rapid-spin,False
spinda,fake-out,False
spinda,smelling-salts,False
spinda,trick,False
spinda,role-play,False
spinda,wish,False
spinda,assist,False
spinda,fake-tears,False
spinda,water-pulse,False
spinda,psycho-shift,False
spinda,psycho-cut,False
spinda,guard-split,False
spinda,spotlight,False
trapinch,gust,False
trapinch,quick-attack,False
trapinch,flail,False
trapinch,fury-cutter,False
trapinch,feint,False
trapinch,bug-bite,False
trapinch,first-impression,False
cacnea,disable,False
cacnea,acid,False
cacnea,low-kick,False
cacnea,counter,False
cacnea,dynamic-punch,False
cacnea,smelling-salts,False
cacnea,teeter-dance,False
cacnea,grass-whistle,False
cacnea,block,False
cacnea,magical-leaf,False
cacnea,worry-seed,False
cacnea,seed-bomb,False
cacnea,switcheroo,False
cacnea,nasty-plot,False
cacnea,belch,False
cacnea,rototiller,False
cacnea,fell-stinger,False
cacnea,power-up-punch,False
swablu,agility,False
swablu,rage,False
swablu,haze,False
swablu,steel-wing,False
swablu,pursuit,False
swablu,feather-dance,False
swablu,hyper-voice,False
swablu,roost,False
swablu,power-swap,False
swablu,dragon-rush,False
swablu,play-rough,False
zangoose,razor-wind,False
zangoose,double-kick,False
zangoose,disable,False
zangoose,counter,False
zangoose,fury-swipes,False
zangoose,curse,False
zangoose,flail,False
zangoose,belly-drum,False
zangoose,iron-tail,False
zangoose,metal-claw,False
zangoose,feint,False
zangoose,night-slash,False
zangoose,double-hit,False
zangoose,quick-guard,False
zangoose,final-gambit,False
seviper,body-slam,False
seviper,scary-face,False
seviper,iron-tail,False
seviper,stockpile,False
seviper,spit-up,False
seviper,swallow,False
seviper,assurance,False
seviper,wring-out,False
seviper,punishment,False
seviper,night-slash,False
seviper,switcheroo,False
seviper,final-gambit,False
barboach,take-down,False
barboach,thrash,False
barboach,flail,False
barboach,spark,False
corphish,double-edge,False
corphish,slash,False
corphish,metal-claw,False
corphish,ancient-power,False
corphish,switcheroo,False
corphish,aqua-jet,False
lileep,mega-drain,False
lileep,recover,False
lileep,barrier,False
lileep,curse,False
lileep,endure,False
lileep,mirror-coat,False
lileep,tickle,False
lileep,wring-out,False
lileep,stealth-rock,False
anorith,sand-attack,False
anorith,screech,False
anorith,curse,False
anorith,rapid-spin,False
anorith,knock-off,False
anorith,iron-defense,False
anorith,water-pulse,False
anorith,cross-poison,False
anorith,aqua-jet,False
feebas,mist,False
feebas,hypnosis,False
feebas,confuse-ray,False
feebas,haze,False
feebas,dragon-breath,False
feebas,mirror-coat,False
feebas,tickle,False
castform,disable,False
castform,amnesia,False
castform,future-sight,False
castform,cosmic-power,False
castform,lucky-chant,False
castform,guard-swap,False
castform,ominous-wind,False
castform,clear-smog,False
castform,hex,False
castform,reflect-type,False
castform-sunny,disable,False
castform-sunny,amnesia,False
castform-sunny,future-sight,False
castform-sunny,cosmic-power,False
castform-sunny,lucky-chant,False
castform-sunny,guard-swap,False
castform-sunny,ominous-wind,False
castform-sunny,clear-smog,False
castform-sunny,hex,False
castform-sunny,reflect-type,False
castform-rainy,disable,False
castform-rainy,amnesia,False
castform-rainy,future-sight,False
castform-rainy,cosmic-power,False
castform-rainy,lucky-chant,False
castform-rainy,guard-swap,False
castform-rainy,ominous-wind,False
castform-rainy,clear-smog,False
castform-rainy,hex,False
castform-rainy,reflect-type,False
castform-snowy,disable,False
castform-snowy,amnesia,False
castform-snowy,future-sight,False
castform-snowy,cosmic-power,False
castform-snowy,lucky-chant,False
castform-snowy,guard-swap,False
castform-snowy,ominous-wind,False
castform-snowy,clear-smog,False
castform-snowy,hex,False
castform-snowy,reflect-type,False
kecleon,disable,False
kecleon,recover,False
kecleon,dizzy-punch,False
kecleon,fake-out,False
kecleon,trick,False
kecleon,magic-coat,False
kecleon,skill-swap,False
kecleon,snatch,False
kecleon,camouflage,False
kecleon,nasty-plot,False
kecleon,foul-play,False
kecleon,power-up-punch,False
shuppet,disable,False
shuppet,confuse-ray,False
shuppet,foresight,False
shuppet,destiny-bond,False
shuppet,pursuit,False
shuppet,imprison,False
shuppet,astonish,False
shuppet,shadow-sneak,False
shuppet,gunk-shot,False
shuppet,ominous-wind,False
shuppet,phantom-force,False
duskull,haze,False
duskull,pain-split,False
duskull,memento,False
duskull,grudge,False
tropius,razor-wind,False
tropius,slam,False
tropius,headbutt,False
tropius,leech-seed,False
tropius,curse,False
tropius,synthesis,False
tropius,nature-power,False
tropius,bullet-seed,False
tropius,leaf-blade,False
tropius,dragon-dance,False
tropius,natural-gift,False
tropius,leaf-storm,False
tropius,dragon-hammer,False
chingling,disable,False
chingling,hypnosis,False
chingling,recover,False
chingling,curse,False
chingling,future-sight,False
chingling,wish,False
chingling,skill-swap,False
chingling,cosmic-power,False
chingling,stored-power,False
chimecho,disable,False
chimecho,hypnosis,False
chimecho,recover,False
chimecho,curse,False
chimecho,perish-song,False
chimecho,future-sight,False
chimecho,wish,False
chimecho,skill-swap,False
chimecho,cosmic-power,False
chimecho,stored-power,False
chimecho,crafty-shield,False
absol,double-edge,False
absol,curse,False
absol,feint-attack,False
absol,perish-song,False
absol,mean-look,False
absol,megahorn,False
absol,baton-pass,False
absol,magic-coat,False
absol,assurance,False
absol,me-first,False
absol,punishment,False
absol,sucker-punch,False
absol,zen-headbutt,False
absol,hex,False
absol,play-rough,False
absol-mega,double-edge,False
absol-mega,curse,False
absol-mega,feint-attack,False
absol-mega,perish-song,False
absol-mega,mean-look,False
absol-mega,megahorn,False
absol-mega,baton-pass,False
absol-mega,magic-coat,False
absol-mega,assurance,False
absol-mega,me-first,False
absol-mega,punishment,False
absol-mega,sucker-punch,False
absol-mega,zen-headbutt,False
absol-mega,hex,False
absol-mega,play-rough,False
snorunt,disable,False
snorunt,rollout,False
snorunt,block,False
snorunt,switcheroo,False
snorunt,icicle-crash,False
spheal,fissure,False
spheal,curse,False
spheal,belly-drum,False
spheal,rollout,False
spheal,sleep-talk,False
spheal,stockpile,False
spheal,spit-up,False
spheal,swallow,False
spheal,yawn,False
spheal,signal-beam,False
spheal,water-sport,False
spheal,water-pulse,False
spheal,aqua-ring,False
clamperl,body-slam,False
clamperl,supersonic,False
clamperl,confuse-ray,False
clamperl,barrier,False
clamperl,endure,False
clamperl,refresh,False
clamperl,mud-sport,False
clamperl,muddy-water,False
clamperl,water-pulse,False
clamperl,brine,False
clamperl,aqua-ring,False
relicanth,skull-bash,False
relicanth,amnesia,False
relicanth,snore,False
relicanth,mud-slap,False
relicanth,sleep-talk,False
relicanth,magnitude,False
relicanth,muddy-water,False
relicanth,mud-shot,False
relicanth,water-sport,False
relicanth,brine,False
relicanth,aqua-tail,False
relicanth,zen-headbutt,False
luvdisc,supersonic,False
luvdisc,splash,False
luvdisc,mud-sport,False
luvdisc,water-sport,False
luvdisc,brine,False
luvdisc,aqua-ring,False
luvdisc,captivate,False
luvdisc,aqua-jet,False
luvdisc,entrainment,False
luvdisc,heal-pulse,False
bagon,thrash,False
bagon,hydro-pump,False
bagon,dragon-rage,False
bagon,defense-curl,False
bagon,endure,False
bagon,twister,False
bagon,dragon-dance,False
bagon,dragon-pulse,False
bagon,dragon-rush,False
bagon,fire-fang,False
turtwig,body-slam,False
turtwig,thrash,False
turtwig,double-edge,False
turtwig,growth,False
turtwig,amnesia,False
turtwig,stockpile,False
turtwig,spit-up,False
turtwig,swallow,False
turtwig,superpower,False
turtwig,tickle,False
turtwig,sand-tomb,False
turtwig,worry-seed,False
turtwig,seed-bomb,False
turtwig,earth-power,False
turtwig,wide-guard,False
turtwig,heavy-slam,False
turtwig,grassy-terrain,False
chimchar,fire-punch,False
chimchar,thunder-punch,False
chimchar,double-kick,False
chimchar,submission,False
chimchar,counter,False
chimchar,focus-energy,False
chimchar,encore,False
chimchar,fake-out,False
chimchar,heat-wave,False
chimchar,focus-punch,False
chimchar,helping-hand,False
chimchar,assist,False
chimchar,blaze-kick,False
chimchar,quick-guard,False
chimchar,power-up-punch,False
piplup,supersonic,False
piplup,hydro-pump,False
piplup,agility,False
piplup,bide,False
piplup,snore,False
piplup,flail,False
piplup,mud-slap,False
piplup,icy-wind,False
piplup,yawn,False
piplup,feather-dance,False
piplup,mud-sport,False
piplup,aqua-ring,False
piplup,double-hit,False
piplup,power-trip,False
starly,sand-attack,False
starly,fury-attack,False
starly,double-edge,False
starly,mirror-move,False
starly,foresight,False
starly,detect,False
starly,steel-wing,False
starly,pursuit,False
starly,uproar,False
starly,revenge,False
starly,feather-dance,False
starly,astonish,False
starly,roost,False
bidoof,double-edge,False
bidoof,quick-attack,False
bidoof,defense-curl,False
bidoof,skull-bash,False
bidoof,fury-swipes,False
bidoof,endure,False
bidoof,rollout,False
bidoof,sleep-talk,False
bidoof,mud-sport,False
bidoof,odor-sleuth,False
bidoof,water-sport,False
bidoof,aqua-tail,False
bidoof,rock-climb,False
shinx,double-kick,False
shinx,take-down,False
shinx,quick-attack,False
shinx,swift,False
shinx,helping-hand,False
shinx,fake-tears,False
shinx,signal-beam,False
shinx,howl,False
shinx,shock-wave,False
shinx,night-slash,False
shinx,thunder-fang,False
shinx,ice-fang,False
shinx,fire-fang,False
shinx,eerie-impulse,False
cranidos,whirlwind,False
cranidos,slam,False
cranidos,stomp,False
cranidos,thrash,False
cranidos,double-edge,False
cranidos,leer,False
cranidos,curse,False
cranidos,iron-tail,False
cranidos,crunch,False
cranidos,hammer-arm,False
cranidos,iron-head,False
shieldon,headbutt,False
shieldon,body-slam,False
shieldon,double-edge,False
shieldon,counter,False
shieldon,fissure,False
shieldon,screech,False
shieldon,focus-energy,False
shieldon,curse,False
shieldon,scary-face,False
shieldon,rock-blast,False
shieldon,stealth-rock,False
shieldon,wide-guard,False
shieldon,guard-split,False
pachirisu,tail-whip,False
pachirisu,bite,False
pachirisu,defense-curl,False
pachirisu,flail,False
pachirisu,rollout,False
pachirisu,iron-tail,False
pachirisu,flatter,False
pachirisu,follow-me,False
pachirisu,charge,False
pachirisu,fake-tears,False
pachirisu,covet,False
pachirisu,bestow,False
pachirisu,ion-deluge,False
pachirisu,baby-doll-eyes,False
buizel,double-slap,False
buizel,headbutt,False
buizel,fury-swipes,False
buizel,slash,False
buizel,mud-slap,False
buizel,fury-cutter,False
buizel,baton-pass,False
buizel,helping-hand,False
buizel,odor-sleuth,False
buizel,me-first,False
buizel,aqua-ring,False
buizel,aqua-tail,False
buizel,switcheroo,False
buizel,soak,False
buizel,tail-slap,False
cherubi,razor-leaf,False
cherubi,defense-curl,False
cherubi,rollout,False
cherubi,sweet-scent,False
cherubi,nature-power,False
cherubi,aromatherapy,False
cherubi,tickle,False
cherubi,healing-wish,False
cherubi,heal-pulse,False
cherubi,flower-shield,False
shellos-west,mist,False
shellos-west,counter,False
shellos-west,sludge,False
shellos-west,acid-armor,False
shellos-west,curse,False
shellos-west,mirror-coat,False
shellos-west,stockpile,False
shellos-west,spit-up,False
shellos-west,swallow,False
shellos-west,yawn,False
shellos-west,clear-smog,False
shellos-east,mist,False
shellos-east,counter,False
shellos-east,sludge,False
shellos-east,acid-armor,False
shellos-east,curse,False
shellos-east,mirror-coat,False
shellos-east,stockpile,False
shellos-east,spit-up,False
shellos-east,swallow,False
shellos-east,yawn,False
shellos-east,clear-smog,False
drifloon,disable,False
drifloon,hypnosis,False
drifloon,haze,False
drifloon,memento,False
drifloon,defog,False
drifloon,clear-smog,False
buneary,fire-punch,False
buneary,ice-punch,False
buneary,thunder-punch,False
buneary,low-kick,False
buneary,flail,False
buneary,sweet-kiss,False
buneary,encore,False
buneary,fake-out,False
buneary,focus-punch,False
buneary,teeter-dance,False
buneary,mud-sport,False
buneary,fake-tears,False
buneary,cosmic-power,False
buneary,sky-uppercut,False
buneary,copycat,False
buneary,switcheroo,False
buneary,double-hit,False
buneary,circle-throw,False
buneary,power-up-punch,False
glameow,sand-attack,False
glameow,tail-whip,False
glameow,bite,False
glameow,quick-attack,False
glameow,flail,False
glameow,snatch,False
glameow,fake-tears,False
glameow,wake-up-slap,False
glameow,assurance,False
glameow,last-resort,False
stunky,double-edge,False
stunky,leer,False
stunky,haze,False
stunky,smog,False
stunky,slash,False
stunky,astonish,False
chatot,supersonic,False
chatot,agility,False
chatot,night-shade,False
chatot,steel-wing,False
chatot,sleep-talk,False
chatot,encore,False
chatot,air-cutter,False
chatot,nasty-plot,False
chatot,defog,False
chatot,boomburst,False
spiritomb,disable,False
spiritomb,smokescreen,False
spiritomb,nightmare,False
spiritomb,destiny-bond,False
spiritomb,pain-split,False
spiritomb,imprison,False
spiritomb,grudge,False
spiritomb,shadow-sneak,False
spiritomb,captivate,False
spiritomb,foul-play,False
gible,body-slam,False
gible,thrash,False
gible,double-edge,False
gible,scary-face,False
gible,outrage,False
gible,dragon-breath,False
gible,iron-tail,False
gible,metal-claw,False
gible,twister,False
gible,sand-tomb,False
gible,mud-shot,False
gible,rock-climb,False
gible,iron-head,False
riolu,bite,False
riolu,high-jump-kick,False
riolu,mind-reader,False
riolu,detect,False
riolu,cross-chop,False
riolu,howl,False
riolu,vacuum-wave,False
riolu,bullet-punch,False
riolu,circle-throw,False
hippopotas,whirlwind,False
hippopotas,curse,False
hippopotas,stockpile,False
hippopotas,spit-up,False
hippopotas,swallow,False
skorupi,whirlwind,False
skorupi,sand-attack,False
skorupi,confuse-ray,False
skorupi,slash,False
croagunk,headbutt,False
croagunk,counter,False
croagunk,dynamic-punch,False
croagunk,cross-chop,False
croagunk,fake-out,False
croagunk,feint,False
croagunk,vacuum-wave,False
croagunk,bullet-punch,False
croagunk,quick-guard,False
carnivine,slam,False
carnivine,leech-seed,False
carnivine,razor-leaf,False
carnivine,stun-spore,False
carnivine,sleep-powder,False
carnivine,giga-drain,False
carnivine,synthesis,False
carnivine,grass-whistle,False
carnivine,magical-leaf,False
carnivine,worry-seed,False
carnivine,rage-powder,False
carnivine,acid-spray,False
finneon,psybeam,False
finneon,aurora-beam,False
finneon,agility,False
finneon,confuse-ray,False
finneon,splash,False
finneon,flail,False
finneon,sweet-kiss,False
finneon,charm,False
finneon,tickle,False
finneon,signal-beam,False
finneon,brine,False
finneon,aqua-tail,False
snover,stomp,False
snover,double-edge,False
snover,leech-seed,False
snover,growth,False
snover,skull-bash,False
snivy,glare,False
snivy,mean-look,False
snivy,pursuit,False
snivy,sweet-scent,False
snivy,iron-tail,False
snivy,twister,False
snivy,mirror-coat,False
snivy,magical-leaf,False
snivy,natural-gift,False
snivy,captivate,False
snivy,grassy-terrain,False
tepig,body-slam,False
tepig,thrash,False
tepig,curse,False
tepig,sleep-talk,False
tepig,magnitude,False
tepig,superpower,False
tepig,yawn,False
tepig,endeavor,False
tepig,covet,False
tepig,sucker-punch,False
tepig,heavy-slam,False
tepig,burn-up,False
oshawott,screech,False
oshawott,detect,False
oshawott,brine,False
oshawott,assurance,False
oshawott,trump-card,False
oshawott,copycat,False
oshawott,night-slash,False
oshawott,air-slash,False
oshawott,sacred-sword,False
patrat,screech,False
patrat,flail,False
patrat,foresight,False
patrat,pursuit,False
patrat,iron-tail,False
patrat,revenge,False
patrat,bullet-seed,False
patrat,assurance,False
patrat,tearful-look,False
lillipup,sand-attack,False
lillipup,lick,False
lillipup,mud-slap,False
lillipup,endure,False
lillipup,charm,False
lillipup,pursuit,False
lillipup,yawn,False
lillipup,howl,False
lillipup,thunder-fang,False
lillipup,ice-fang,False
lillipup,fire-fang,False
lillipup,after-you,False
lillipup,psychic-fangs,False
purrloin,quick-attack,False
purrloin,double-team,False
purrloin,slash,False
purrloin,yawn,False
purrloin,covet,False
purrloin,copycat,False
pansage,low-kick,False
pansage,role-play,False
pansage,astonish,False
pansage,grass-whistle,False
pansage,tickle,False
pansage,bullet-seed,False
pansage,covet,False
pansage,magical-leaf,False
pansage,nasty-plot,False
pansage,leaf-storm,False
pansage,disarming-voice,False
pansage,spiky-shield,False
pansear,fire-punch,False
pansear,low-kick,False
pansear,fire-spin,False
pansear,sleep-talk,False
pansear,heat-wave,False
pansear,role-play,False
pansear,astonish,False
pansear,tickle,False
pansear,covet,False
pansear,flare-blitz,False
pansear,nasty-plot,False
pansear,belch,False
pansear,disarming-voice,False
panpour,hydro-pump,False
panpour,low-kick,False
panpour,role-play,False
panpour,mud-sport,False
panpour,astonish,False
panpour,tickle,False
panpour,covet,False
panpour,aqua-ring,False
panpour,aqua-tail,False
panpour,nasty-plot,False
panpour,disarming-voice,False
munna,curse,False
munna,healing-wish,False
pidove,hypnosis,False
pidove,morning-sun,False
pidove,wish,False
pidove,night-slash,False
pidove,defog,False
blitzle,double-kick,False
blitzle,sand-attack,False
blitzle,take-down,False
blitzle,double-edge,False
blitzle,rage,False
blitzle,screech,False
blitzle,endure,False
blitzle,snatch,False
blitzle,shock-wave,False
blitzle,feint,False
blitzle,me-first,False
roggenrola,take-down,False
roggenrola,curse,False
roggenrola,gravity,False
roggenrola,wide-guard,False
roggenrola,autotomize,False
woobat,supersonic,False
woobat,flatter,False
woobat,knock-off,False
woobat,roost,False
woobat,psycho-shift,False
drilbur,submission,False
drilbur,slash,False
drilbur,metal-sound,False
audino,amnesia,False
audino,sweet-kiss,False
audino,sleep-talk,False
audino,heal-bell,False
audino,encore,False
audino,wish,False
audino,yawn,False
audino,healing-wish,False
audino,lucky-chant,False
audino,bestow,False
audino,draining-kiss,False
audino-mega,amnesia,False
audino-mega,sweet-kiss,False
audino-mega,sleep-talk,False
audino-mega,heal-bell,False
audino-mega,encore,False
audino-mega,wish,False
audino-mega,yawn,False
audino-mega,healing-wish,False
audino-mega,lucky-chant,False
audino-mega,bestow,False
audino-mega,draining-kiss,False
timburr,counter,False
timburr,mach-punch,False
timburr,detect,False
timburr,defog,False
timburr,wide-guard,False
timburr,power-up-punch,False
tympole,mist,False
tympole,toxic,False
tympole,mud-slap,False
tympole,water-pulse,False
sewaddle,razor-wind,False
sewaddle,agility,False
sewaddle,screech,False
sewaddle,mind-reader,False
sewaddle,baton-pass,False
sewaddle,camouflage,False
sewaddle,silver-wind,False
sewaddle,me-first,False
sewaddle,air-slash,False
sewaddle,grassy-terrain,False
venipede,take-down,False
venipede,twineedle,False
venipede,pin-missile,False
venipede,spikes,False
venipede,toxic-spikes,False
venipede,rock-climb,False
cottonee,memento,False
cottonee,nature-power,False
cottonee,tickle,False
cottonee,worry-seed,False
cottonee,switcheroo,False
petilil,bide,False
petilil,endure,False
petilil,charm,False
petilil,encore,False
petilil,sweet-scent,False
petilil,ingrain,False
petilil,grass-whistle,False
petilil,healing-wish,False
petilil,natural-gift,False
petilil,worry-seed,False
basculin-red-striped,bubble-beam,False
basculin-red-striped,endeavor,False
basculin-blue-striped,bubble-beam,False
basculin-blue-striped,endeavor,False
sandile,double-edge,False
sandile,counter,False
sandile,focus-energy,False
sandile,mean-look,False
sandile,pursuit,False
sandile,beat-up,False
sandile,uproar,False
sandile,me-first,False
sandile,thunder-fang,False
sandile,fire-fang,False
sandile,rock-climb,False
sandile,power-trip,False
darumaka,take-down,False
darumaka,flame-wheel,False
darumaka,focus-punch,False
darumaka,yawn,False
darumaka,extrasensory,False
darumaka,hammer-arm,False
darumaka-galar,take-down,False
darumaka-galar,flame-wheel,False
darumaka-galar,focus-punch,False
darumaka-galar,yawn,False
darumaka-galar,hammer-arm,False
darumaka-galar,incinerate,False
darumaka-galar,freeze-dry,False
darumaka-galar,power-up-punch,False
maractus,worry-seed,False
maractus,wood-hammer,False
dwebble,counter,False
dwebble,curse,False
dwebble,knock-off,False
dwebble,block,False
dwebble,night-slash,False
dwebble,wide-guard,False
scraggy,counter,False
scraggy,detect,False
scraggy,fake-out,False
scraggy,acid-spray,False
scraggy,quick-guard,False
scraggy,power-up-punch,False
sigilyph,ancient-power,False
sigilyph,roost,False
sigilyph,psycho-shift,False
yamask,memento,False
yamask-galar,memento,False
tirtouga,slam,False
tirtouga,body-slam,False
tirtouga,rock-throw,False
tirtouga,bide,False
tirtouga,flail,False
tirtouga,whirlpool,False
tirtouga,knock-off,False
tirtouga,iron-defense,False
tirtouga,water-pulse,False
tirtouga,guard-swap,False
tirtouga,liquidation,False
archen,bite,False
archen,steel-wing,False
archen,knock-off,False
archen,dragon-pulse,False
archen,earth-power,False
archen,switcheroo,False
archen,defog,False
archen,head-smash,False
archen,ally-switch,False
trubbish,sand-attack,False
trubbish,haze,False
trubbish,curse,False
trubbish,rollout,False
trubbish,autotomize,False
zorua,counter,False
zorua,detect,False
zorua,memento,False
zorua,snatch,False
zorua,extrasensory,False
zorua,copycat,False
zorua,sucker-punch,False
zorua,dark-pulse,False
zorua,captivate,False
minccino,tail-whip,False
minccino,flail,False
minccino,knock-off,False
minccino,aqua-tail,False
gothita,mean-look,False
gothita,mirror-coat,False
gothita,fake-out,False
gothita,torment,False
gothita,heal-pulse,False
solosis,confuse-ray,False
solosis,acid-armor,False
solosis,astonish,False
ducklett,gust,False
ducklett,mirror-move,False
ducklett,steel-wing,False
ducklett,mud-sport,False
ducklett,air-cutter,False
ducklett,brine,False
ducklett,lucky-chant,False
ducklett,me-first,False
ducklett,aqua-jet,False
vanillite,explosion,False
vanillite,magnet-rise,False
vanillite,ice-shard,False
vanillite,autotomize,False
vanillite,icicle-crash,False
vanillite,aurora-veil,False
deerling-spring,headbutt,False
deerling-spring,agility,False
deerling-spring,sleep-talk,False
deerling-spring,baton-pass,False
deerling-spring,synthesis,False
deerling-spring,fake-tears,False
deerling-spring,odor-sleuth,False
deerling-spring,grass-whistle,False
deerling-spring,natural-gift,False
deerling-spring,worry-seed,False
deerling-summer,headbutt,False
deerling-summer,agility,False
deerling-summer,sleep-talk,False
deerling-summer,baton-pass,False
deerling-summer,synthesis,False
deerling-summer,fake-tears,False
deerling-summer,odor-sleuth,False
deerling-summer,grass-whistle,False
deerling-summer,natural-gift,False
deerling-summer,worry-seed,False
deerling-autumn,headbutt,False
deerling-autumn,agility,False
deerling-autumn,sleep-talk,False
deerling-autumn,baton-pass,False
deerling-autumn,synthesis,False
deerling-autumn,fake-tears,False
deerling-autumn,odor-sleuth,False
deerling-autumn,grass-whistle,False
deerling-autumn,natural-gift,False
deerling-autumn,worry-seed,False
deerling-winter,headbutt,False
deerling-winter,agility,False
deerling-winter,sleep-talk,False
deerling-winter,baton-pass,False
deerling-winter,synthesis,False
deerling-winter,fake-tears,False
deerling-winter,odor-sleuth,False
deerling-winter,grass-whistle,False
deerling-winter,natural-gift,False
deerling-winter,worry-seed,False
emolga,charm,False
emolga,baton-pass,False
emolga,iron-tail,False
emolga,astonish,False
emolga,tickle,False
emolga,covet,False
emolga,shock-wave,False
emolga,roost,False
emolga,air-slash,False
emolga,ion-deluge,False
emolga,speed-swap,False
karrablast,counter,False
karrablast,slash,False
karrablast,knock-off,False
karrablast,night-slash,False
karrablast,bug-bite,False
foongus,body-slam,False
foongus,growth,False
foongus,poison-powder,False
foongus,stun-spore,False
foongus,defense-curl,False
foongus,endure,False
foongus,rollout,False
foongus,gastro-acid,False
frillish,mist,False
frillish,bubble-beam,False
frillish,confuse-ray,False
frillish,acid-armor,False
frillish,pain-split,False
frillish,strength-sap,False
alomomola,mist,False
alomomola,endure,False
alomomola,pain-split,False
alomomola,mirror-coat,False
alomomola,refresh,False
alomomola,tickle,False
joltik,poison-sting,False
joltik,double-team,False
joltik,struggle-bug,False
joltik,infestation,False
joltik,lunge,False
ferroseed,leech-seed,False
ferroseed,toxic,False
ferroseed,knock-off,False
ferroseed,gravity,False
ferroseed,acid-spray,False
elgyem,disable,False
elgyem,destiny-bond,False
elgyem,psych-up,False
elgyem,astonish,False
litwick,haze,False
litwick,acid-armor,False
litwick,power-split,False
litwick,clear-smog,False
axew,counter,False
axew,harden,False
axew,endeavor,False
axew,night-slash,False
axew,first-impression,False
cubchoo,focus-punch,False
cubchoo,yawn,False
cubchoo,night-slash,False
shelmet,double-edge,False
shelmet,mind-reader,False
shelmet,feint,False
shelmet,guard-split,False
stunfisk,curse,False
stunfisk,spite,False
stunfisk,spark,False
stunfisk,pain-split,False
stunfisk,yawn,False
stunfisk,astonish,False
stunfisk,reflect-type,False
stunfisk-galar,bind,False
stunfisk-galar,counter,False
stunfisk-galar,curse,False
stunfisk-galar,spite,False
stunfisk-galar,pain-split,False
stunfisk-galar,yawn,False
stunfisk-galar,astonish,False
stunfisk-galar,reflect-type,False
mienfoo,low-kick,False
mienfoo,endure,False
mienfoo,baton-pass,False
mienfoo,vital-throw,False
mienfoo,smelling-salts,False
mienfoo,knock-off,False
mienfoo,feint,False
mienfoo,me-first,False
mienfoo,ally-switch,False
druddigon,glare,False
druddigon,feint-attack,False
druddigon,pursuit,False
druddigon,iron-tail,False
druddigon,metal-claw,False
druddigon,snatch,False
druddigon,crush-claw,False
druddigon,poison-tail,False
druddigon,sucker-punch,False
druddigon,thunder-fang,False
druddigon,fire-fang,False
pawniard,headbutt,False
pawniard,mean-look,False
pawniard,sucker-punch,False
pawniard,quick-guard,False
bouffalant,stomp,False
bouffalant,headbutt,False
bouffalant,skull-bash,False
bouffalant,amnesia,False
bouffalant,mud-slap,False
bouffalant,mud-shot,False
bouffalant,rock-climb,False
bouffalant,iron-head,False
bouffalant,cotton-guard,False
bouffalant,belch,False
vullaby,toxic,False
vullaby,mean-look,False
vullaby,roost,False
heatmor,curse,False
heatmor,tickle,False
heatmor,sucker-punch,False
heatmor,night-slash,False
heatmor,belch,False
durant,flail,False
durant,metal-burst,False
durant,struggle-bug,False
durant,infestation,False
durant,first-impression,False
deino,astonish,False
deino,head-smash,False
deino,double-hit,False
deino,belch,False
larvesta,string-shot,False
larvesta,harden,False
larvesta,foresight,False
larvesta,endure,False
larvesta,morning-sun,False
larvesta,magnet-rise,False
larvesta,zen-headbutt,False
chespin,defense-curl,False
chespin,curse,False
chespin,belly-drum,False
chespin,spikes,False
chespin,rollout,False
chespin,synthesis,False
chespin,quick-guard,False
chespin,power-up-punch,False
fennekin,hypnosis,False
fennekin,heat-wave,False
fennekin,wish,False
fennekin,magic-coat,False
fennekin,psychic-terrain,False
froakie,mind-reader,False
froakie,camouflage,False
froakie,mud-sport,False
froakie,water-sport,False
froakie,toxic-spikes,False
froakie,bestow,False
froakie,power-up-punch,False
bunnelby,defense-curl,False
bunnelby,rollout,False
fletchling,snatch,False
fletchling,tailwind,False
fletchling,quick-guard,False
scatterbug,poison-powder,False
scatterbug,stun-spore,False
scatterbug,rage-powder,False
litleo,fire-spin,False
litleo,yawn,False
litleo,snatch,False
litleo,flare-blitz,False
litleo,entrainment,False
flabebe-red,camouflage,False
flabebe-red,copycat,False
flabebe-red,captivate,False
flabebe-red,tearful-look,False
flabebe-yellow,camouflage,False
flabebe-yellow,copycat,False
flabebe-yellow,captivate,False
flabebe-yellow,tearful-look,False
flabebe-orange,camouflage,False
flabebe-orange,copycat,False
flabebe-orange,captivate,False
flabebe-orange,tearful-look,False
flabebe-blue,camouflage,False
flabebe-blue,copycat,False
flabebe-blue,captivate,False
flabebe-blue,tearful-look,False
flabebe-white,camouflage,False
flabebe-white,copycat,False
flabebe-white,captivate,False
flabebe-white,tearful-look,False
skiddo,defense-curl,False
skiddo,rollout,False
skiddo,milk-drink,False
skiddo,grassy-terrain,False
pancham,seismic-toss,False
pancham,storm-throw,False
pancham,quick-guard,False
pancham,quash,False
pancham,power-trip,False
furfrou,mimic,False
furfrou,role-play,False
furfrou,refresh,False
furfrou,captivate,False
furfrou,work-up,False
furfrou-heart,mimic,False
furfrou-heart,role-play,False
furfrou-heart,refresh,False
furfrou-heart,captivate,False
furfrou-heart,work-up,False
furfrou-star,mimic,False
furfrou-star,role-play,False
furfrou-star,refresh,False
furfrou-star,captivate,False
furfrou-star,work-up,False
furfrou-diamond,mimic,False
furfrou-diamond,role-play,False
furfrou-diamond,refresh,False
furfrou-diamond,captivate,False
furfrou-diamond,work-up,False
furfrou-la-reine,mimic,False
furfrou-la-reine,role-play,False
furfrou-la-reine,refresh,False
furfrou-la-reine,captivate,False
furfrou-la-reine,work-up,False
furfrou-kabuki,mimic,False
furfrou-kabuki,role-play,False
furfrou-kabuki,refresh,False
furfrou-kabuki,captivate,False
furfrou-kabuki,work-up,False
furfrou-pharaoh,mimic,False
furfrou-pharaoh,role-play,False
furfrou-pharaoh,refresh,False
furfrou-pharaoh,captivate,False
furfrou-pharaoh,work-up,False
furfrou-debutante,mimic,False
furfrou-debutante,role-play,False
furfrou-debutante,refresh,False
furfrou-debutante,captivate,False
furfrou-debutante,work-up,False
furfrou-matron,mimic,False
furfrou-matron,role-play,False
furfrou-matron,refresh,False
furfrou-matron,captivate,False
furfrou-matron,work-up,False
furfrou-dandy,mimic,False
furfrou-dandy,role-play,False
furfrou-dandy,refresh,False
furfrou-dandy,captivate,False
furfrou-dandy,work-up,False
espurr,yawn,False
espurr,tickle,False
honedge,destiny-bond,False
honedge,block,False
honedge,wide-guard,False
spritzee,disable,False
spritzee,wish,False
spritzee,after-you,False
swirlix,yawn,False
swirlix,copycat,False
swirlix,after-you,False
swirlix,sticky-web,False
inkay,disable,False
inkay,destiny-bond,False
inkay,acupressure,False
binacle,sand-attack,False
binacle,night-slash,False
binacle,switcheroo,False
skrelp,haze,False
skrelp,acid-armor,False
skrelp,toxic-spikes,False
skrelp,play-rough,False
skrelp,venom-drench,False
clauncher,crabhammer,False
clauncher,endure,False
clauncher,helping-hand,False
clauncher,aqua-jet,False
clauncher,entrainment,False
helioptile,glare,False
helioptile,dragon-rush,False
helioptile,dragon-tail,False
tyrunt,curse,False
tyrunt,poison-fang,False
tyrunt,dragon-dance,False
tyrunt,rock-polish,False
tyrunt,thunder-fang,False
tyrunt,ice-fang,False
tyrunt,fire-fang,False
amaura,barrier,False
amaura,haze,False
amaura,mirror-coat,False
amaura,magnet-rise,False
amaura,discharge,False
hawlucha,mean-look,False
hawlucha,cross-chop,False
hawlucha,feint,False
hawlucha,defog,False
hawlucha,entrainment,False
hawlucha,quick-guard,False
dedenne,helping-hand,False
dedenne,covet,False
dedenne,natural-gift,False
dedenne,eerie-impulse,False
dedenne,tearful-look,False
goomy,counter,False
goomy,life-dew,False
klefki,thief,False
klefki,lock-on,False
klefki,iron-defense,False
klefki,switcheroo,False
phantump,disable,False
phantump,grudge,False
phantump,sucker-punch,False
pumpkaboo-small,disable,False
pumpkaboo-small,curse,False
pumpkaboo-small,destiny-bond,False
pumpkaboo,disable,False
pumpkaboo,curse,False
pumpkaboo,destiny-bond,False
pumpkaboo-large,disable,False
pumpkaboo-large,curse,False
pumpkaboo-large,destiny-bond,False
pumpkaboo-super,disable,False
pumpkaboo-super,curse,False
pumpkaboo-super,destiny-bond,False
bergmite,mist,False
bergmite,mirror-coat,False
bergmite,aurora-veil,False
noibat,dragon-rush,False
noibat,defog,False
rowlet,double-team,False
rowlet,confuse-ray,False
rowlet,knock-off,False
rowlet,defog,False
litten,fake-out,False
litten,parting-shot,False
litten,power-trip,False
popplio,perish-song,False
popplio,aqua-ring,False
popplio,life-dew,False
pikipek,mirror-move,False
pikipek,uproar,False
pikipek,tailwind,False
pikipek,brave-bird,False
pikipek,boomburst,False
yungoos,revenge,False
yungoos,last-resort,False
yungoos,thunder-fang,False
yungoos,ice-fang,False
yungoos,fire-fang,False
grubbin,harden,False
grubbin,discharge,False
crabrawler,amnesia,False
crabrawler,superpower,False
crabrawler,endeavor,False
crabrawler,wide-guard,False
oricorio-baile,safeguard,False
oricorio-baile,pluck,False
oricorio-baile,tailwind,False
oricorio-baile,captivate,False
oricorio-pom-pom,safeguard,False
oricorio-pom-pom,pluck,False
oricorio-pom-pom,tailwind,False
oricorio-pom-pom,captivate,False
oricorio-pau,safeguard,False
oricorio-pau,pluck,False
oricorio-pau,tailwind,False
oricorio-pau,captivate,False
oricorio-sensu,safeguard,False
oricorio-sensu,pluck,False
oricorio-sensu,tailwind,False
oricorio-sensu,captivate,False
cutiefly,sticky-web,False
cutiefly,moonblast,False
cutiefly,aromatic-mist,False
rockruff,thrash,False
rockruff,crush-claw,False
rockruff,sucker-punch,False
rockruff,thunder-fang,False
rockruff,fire-fang,False
wishiwashi,take-down,False
wishiwashi,mist,False
wishiwashi,water-pulse,False
wishiwashi-school,take-down,False
wishiwashi-school,mist,False
wishiwashi-school,water-pulse,False
mareanie,haze,False
mareanie,stockpile,False
mareanie,spit-up,False
mareanie,swallow,False
mareanie,infestation,False
mudbray,double-edge,False
mudbray,roar,False
mudbray,fissure,False
mudbray,smack-down,False
dewpider,stockpile,False
dewpider,spit-up,False
dewpider,power-split,False
dewpider,sticky-web,False
fomantis,giga-drain,False
fomantis,weather-ball,False
fomantis,aromatherapy,False
fomantis,defog,False
fomantis,leaf-storm,False
morelull,leech-seed,False
morelull,growth,False
morelull,poison-powder,False
morelull,stun-spore,False
salandit,sand-attack,False
salandit,mud-slap,False
salandit,fake-out,False
salandit,belch,False
stufful,stomp,False
stufful,defense-curl,False
stufful,rollout,False
stufful,force-palm,False
bounsweet,synthesis,False
bounsweet,endeavor,False
bounsweet,acupressure,False
comfey,amnesia,False
comfey,endure,False
comfey,lucky-chant,False
comfey,after-you,False
oranguru,dream-eater,False
oranguru,yawn,False
oranguru,extrasensory,False
oranguru,last-resort,False
passimian,counter,False
passimian,seismic-toss,False
passimian,quick-attack,False
passimian,vital-throw,False
passimian,knock-off,False
passimian,feint,False
passimian,quick-guard,False
wimpod,harden,False
wimpod,rollout,False
wimpod,metal-claw,False
wimpod,aqua-jet,False
wimpod,wide-guard,False
sandygast,amnesia,False
sandygast,curse,False
sandygast,destiny-bond,False
sandygast,ancient-power,False
sandygast,stockpile,False
sandygast,spit-up,False
sandygast,swallow,False
pyukumuku,spite,False
pyukumuku,swagger,False
pyukumuku,mirror-coat,False
pyukumuku,tickle,False
komala,sing,False
komala,charm,False
komala,wish,False
komala,play-rough,False
turtonator,curse,False
turtonator,rapid-spin,False
turtonator,head-smash,False
turtonator,wide-guard,False
togedemaru,flail,False
togedemaru,present,False
togedemaru,fake-out,False
togedemaru,wish,False
togedemaru,tickle,False
togedemaru,disarming-voice,False
mimikyu,curse,False
mimikyu,destiny-bond,False
mimikyu,grudge,False
mimikyu-busted,curse,False
mimikyu-busted,destiny-bond,False
mimikyu-busted,grudge,False
bruxish,rage,False
bruxish,poison-fang,False
bruxish,water-pulse,False
bruxish,ice-fang,False
drampa,mist,False
drampa,tickle,False
drampa,dragon-rush,False
jangmo-o,counter,False
jangmo-o,dragon-breath,False
jangmo-o,focus-punch,False
grookey,strength,False
grookey,leech-seed,False
grookey,growth,False
grookey,fake-out,False
grookey,nature-power,False
grookey,hammer-arm,False
grookey,worry-seed,False
scorbunny,sand-attack,False
scorbunny,high-jump-kick,False
scorbunny,super-fang,False
scorbunny,sucker-punch,False
sobble,mist,False
sobble,double-team,False
sobble,haze,False
sobble,aqua-ring,False
sobble,ice-shard,False
sobble,aqua-jet,False
sobble,fell-stinger,False
skwovet,defense-curl,False
skwovet,belly-drum,False
skwovet,rollout,False
skwovet,last-resort,False
rookidee,sand-attack,False
rookidee,sky-attack,False
rookidee,spite,False
rookidee,rock-smash,False
rookidee,roost,False
rookidee,tailwind,False
rookidee,defog,False
blipbug,supersonic,False
blipbug,recover,False
blipbug,sticky-web,False
blipbug,infestation,False
nickit,torment,False
nickit,knock-off,False
nickit,howl,False
nickit,quick-guard,False
gossifleur,leech-seed,False
gossifleur,growth,False
gossifleur,poison-powder,False
gossifleur,stun-spore,False
gossifleur,sleep-powder,False
gossifleur,worry-seed,False
wooloo,stomp,False
wooloo,counter,False
wooloo,swagger,False
chewtle,skull-bash,False
chewtle,gastro-acid,False
chewtle,dragon-tail,False
yamper,sand-attack,False
yamper,double-edge,False
yamper,howl,False
yamper,discharge,False
yamper,flame-charge,False
rolycoly,explosion,False
rolycoly,mud-slap,False
rolycoly,block,False
applin,defense-curl,False
applin,rollout,False
applin,recycle,False
applin,sucker-punch,False
silicobra,mud-slap,False
silicobra,poison-tail,False
silicobra,last-resort,False
silicobra,dragon-rush,False
silicobra,belch,False
cramorant,feather-dance,False
cramorant,aerial-ace,False
cramorant,roost,False
cramorant,aqua-ring,False
cramorant,defog,False
cramorant-gulping,feather-dance,False
cramorant-gulping,aerial-ace,False
cramorant-gulping,roost,False
cramorant-gulping,aqua-ring,False
cramorant-gulping,defog,False
cramorant-gorging,feather-dance,False
cramorant-gorging,aerial-ace,False
cramorant-gorging,roost,False
cramorant-gorging,aqua-ring,False
cramorant-gorging,defog,False
arrokuda,thrash,False
arrokuda,slash,False
arrokuda,acupressure,False
arrokuda,night-slash,False
toxel,endeavor,False
toxel,metal-sound,False
toxel,power-up-punch,False
sizzlipede,defense-curl,False
sizzlipede,rollout,False
sizzlipede,knock-off,False
sizzlipede,struggle-bug,False
clobbopus,seismic-toss,False
clobbopus,pain-split,False
clobbopus,sucker-punch,False
clobbopus,soak,False
clobbopus,circle-throw,False
clobbopus,power-up-punch,False
hatenna,after-you,False
hatenna,quash,False
hatenna,aromatic-mist,False
hatenna,nuzzle,False
milcery,last-resort,False
milcery,baby-doll-eyes,False
pincurchin,memento,False
pincurchin,sucker-punch,False
snom,mirror-coat,False
snom,bug-bite,False
snom,fairy-wind,False
stonjourner,curse,False
stonjourner,ancient-power,False
eiscue,double-edge,False
eiscue,belly-drum,False
eiscue,aqua-ring,False
eiscue,head-smash,False
eiscue,soak,False
eiscue,icicle-crash,False
eiscue-noice,double-edge,False
eiscue-noice,belly-drum,False
eiscue-noice,aqua-ring,False
eiscue-noice,head-smash,False
eiscue-noice,soak,False
eiscue-noice,icicle-crash,False
indeedee-female,psych-up,False
indeedee-female,fake-out,False
indeedee-female,extrasensory,False
indeedee-male,psych-up,False
indeedee-male,fake-out,False
indeedee-male,psycho-shift,False
indeedee-male,heal-pulse,False
morpeko,super-fang,False
morpeko,swagger,False
morpeko,rapid-spin,False
morpeko,fake-out,False
morpeko,charge,False
morpeko,tickle,False
morpeko,quash,False
morpeko,parting-shot,False
morpeko-hangry,super-fang,False
morpeko-hangry,swagger,False
morpeko-hangry,rapid-spin,False
morpeko-hangry,fake-out,False
morpeko-hangry,charge,False
morpeko-hangry,tickle,False
morpeko-hangry,quash,False
morpeko-hangry,parting-shot,False
cufant,whirlwind,False
cufant,slam,False
cufant,double-edge,False
cufant,fissure,False
cufant,defense-curl,False
cufant,curse,False
cufant,swagger,False
cufant,belch,False
duraludon,slash,False
duraludon,mirror-coat,False
duraludon,night-slash,False
dreepy,disable,False
dreepy,double-team,False
dreepy,confuse-ray,False
dreepy,curse,False
dreepy,grudge,False
dreepy,sucker-punch,False
dreepy,dragon-tail,False
